paper_id,score,title,year,abstract,stage,decision,reason,notes
10.1145/3819836.3819854,5,Multi-source Knowledge Guided Black-box Adversarial Sample Generation,2026,"Deep neural networks demonstrate outstanding performance in tasks such as image processing, but their vulnerability to adversarial examples raises security concerns. Black-box attacks, the primary threat in practical scenarios, face efficiency bottlenecks due to their reliance on extensive queries. Existing methods also underutilize prior knowledge about dataset-intrinsic semantic information and category associations. To address this, this paper proposes a multi-source knowledge-guided black-box attack optimization framework. By incorporating category associations and image semantic information, it enhances adversarial sample generation efficiency, providing an effective tool for model robustness evaluation. Experiments on CIFAR10, MNIST, and ImageNet demonstrate that this method significantly improves black-box attack efficiency. It also reveals distinct adversarial vulnerabilities across datasets: CIFAR10 exhibits greater susceptibility to edge perturbations, while MNIST focuses on stroke-center disturbances. These findings provide valuable insights for developing dataset-adaptive attacks.",title_abstract,,,
10.1109/ICASSP48485.2024.10447287,7,Scale-Free And Task-Generic Attack: Generating Photo-Realistic Adversarial Patterns With Patch Quilting Generator,2024,"Recent CNN generator-based attack approaches can synthe-size unrestricted and semantically meaningful entities to the image, which are able to improve the transferability and robustness. However, such methods attack images by either synthesizing local adversarial entities, which are only suitable for attacking specific contents, or performing global attacks, which are only applicable to a specific image scale. In this paper, we propose a novel Patch Quilting Generative Adversarial Networks (PQ-GAN) to learn the first scale-free CNN generator that can be applied to attack images with arbitrary scales for various computer vision tasks. The principal investigation on transferability of the generated adversarial examples, robustness to defense frameworks, and visual quality assessment show that the proposed PQG-based attack framework outperforms the other nine state-of-the-art adversarial attack approaches when attacking the neural networks trained on two standard evaluation datasets (i.e., ImageNet and CityScapes). Our code is made available at https://github.com/XiangboGaoBarry/PQAttack.",title_abstract,,,
10.1109/ICoICI65217.2025.11254705,6,Curriculum-based TRADES for Robust Skin Lesion Classification under Adversarial Attacks,2025,"The safe deployment of medical image classifiers is critically dependent on their robustness to adversarial attacks; however, standard defenses often degrade the diagnostic accuracy of clean data. This study introduces Curriculum-based TRADES (C-TRADES), a lightweight and effective training framework that resolves this trade-off. C-TRADES synergistically combines the TRADES loss objective with a curriculum learning strategy, where adversarial perturbations gradually intensify during the training. This approach stabilizes the optimization and yields highly robust models with minimal impact on the clean-data performance. We evaluated C-TRADES on a dermatoscopic skin lesion classification task using DenseNet121 and modern ConvNeXt-Tiny architectures. The results demonstrated a significant improvement in adversarial robustness. Notably, C-TRADES-trained ConvNeXt achieved an exceptional accuracy of 76.4% under AutoAttack, decisively outperforming the standard adversarial training. Crucially, this was achieved while maintaining a high clean data accuracy of 81.8%, showing a superior balance between robustness and diagnostic utility. These findings signify that C-TRADES is a practical and generalizable defense system, establishing a new benchmark for developing trustworthy clinical AI systems that are resilient to adversarial threats.",title_abstract,,,
10.1109/PAEE71887.2026.11660678,5,Adversarial Robustness of Transformer Architectures in Deep Metric Learning,2026,"In this work, we investigate the adversarial robustness of CNN- and transformer-based architectures within a Deep Metric Learning framework for zero-shot image retrieval. We conduct a comparative evaluation of ResNet50, ConvNeXt-T, DeiT-S, and Swin-T on the CUB-200-2011 and Cars196 benchmarks under FGSM, PGD, and Carlini & Wagner attacks formulated directly in the embedding space. The main contribution of this study is a systematic analysis of adversarial robustness in embedding-based retrieval settings across convolutional and transformer-based visual backbones. Our experiments reveal a substantial trade-off between clean retrieval accuracy and adversarial robustness. Although some transformer-based architectures demonstrate slightly improved robustness under limited perturbation budgets, all evaluated models remain highly vulnerable to strong iterative and optimisation-based attacks.",title_abstract,,,
10.1109/TNNLS.2025.3561225,5,A Survey and Evaluation of Adversarial Attacks in Object Detection,2025,"Deep learning models achieve remarkable accuracy in computer vision tasks yet remain vulnerable to adversarial examples—carefully crafted perturbations to input images that can deceive these models into making confident but incorrect predictions. This vulnerability poses significant risks in high-stakes applications such as autonomous vehicles, security surveillance, and safety-critical inspection systems. While the existing literature extensively covers adversarial attacks in image classification, comprehensive analyses of such attacks on object detection systems remain limited. This article presents a novel taxonomic framework for categorizing adversarial attacks specific to object detection architectures, synthesizes existing robustness metrics, and provides a comprehensive empirical evaluation of state-of-the-art attack methodologies on popular object detection models, including both traditional detectors and modern detectors with vision-language pretraining. Through rigorous analysis of open-source attack implementations and their effectiveness across diverse detection architectures, we derive key insights into attack characteristics. Furthermore, we delineate critical research gaps and emerging challenges to guide future investigations in securing object detection systems against adversarial threats. Our findings establish a foundation for developing more robust detection models while highlighting the urgent need for standardized evaluation protocols in this rapidly evolving domain.",title_abstract,,,
10.1109/ICSCSA66339.2025.11171028,5,QUALICLIPNET: A Hybrid Deep Learning Framework for Robust Image Quality Assessment and Adversarial Resilient Classification,2025,"This study presents a hybrid AI framework that integrates deep learning with adversarial training to enhance the quality assessment and colour prediction of images, such as onions. The process starts with the preprocessing and segmentation of the input images, which is then followed by feature extraction through a CLIP-based encoder framework. The derived embeddings are fed into a teacher model driven by GradeSimCNN and optimized using Knowledge Distillation (KD) to develop a more efficient student model. The fundamental ImageQualNet algorithm evaluates and organizes images according to their quality and conducts feature-based analysis for classification purposes. To enhance the resilience of the model, adversarial training is carried out using the Fast Gradient Sign Method (FGSM), which strengthens the framework against perturbed inputs by leveraging the Fast TRADE AI algorithm and also improves image classification by facilitating quick output colour predictions with Vision Transformers (ViTs). This multi-phase system guarantees precise classification and output prediction, even when facing adversarial noise, making it ideal for practical vision tasks that require both accuracy and robustness.",title_abstract,,,
10.1109/TGRS.2023.3328889,6,Reconstruction-Assisted and Distance-Optimized Adversarial Training: A Defense Framework for Remote Sensing Scene Classification,2023,"Despite deep neural networks (DNNs) have been widely applied in remote sensing (RS) scene classification and achieved satisfying performance, the vulnerability of DNNs toward adversarial examples significantly degrades their performance. Moreover, the relatively limited labeled samples of RS scene classification make DNNs more likely to overfit, leading to weak generalizability and noise sensitivity. This may result in DNNs being more vulnerable to adversarial examples. Consequently, the defense of adversarial examples is of crucial importance to improve both the generalizability and robustness of DNNs in the RS scene classification task. However, few studies have been conducted on defense for RS scene classification, especially ignoring the intrinsic characteristics of RS images. In this article, an effective defense framework for RS scene classification, named reconstruction-assisted and distance-optimized adversarial training (RDAT), is proposed to defend adversarial examples. To solve the problems caused by high interclass similarity, a distance-optimized (DO) strategy is designed for adversarial training (AT) to strengthen the learning of underfitting content, increase the interclass distance, and improve the robustness of the networks. Furthermore, to generate high-quality samples for AT, a reconstruction-assisted (RA) block is proposed to eliminate adversarial perturbations in adversarial examples. Specifically, in this block, by Swin Transformer (SwinT) block and multiscale convolution (MSC) block, SwinT-MSC-UNet (SMUNet) is constructed to fully extract global and multiscale local features to adapt to the characteristics of RS images with a large variance of ground object scales. Extensive experiments on the benchmark datasets, that is, UC Merced (UCM) and aerial image dataset (AID), have demonstrated that the proposed RDAT can effectively resist multiple adversarial attacks and yield superior results than other defense methods for RS scene classification.",title_abstract,,,
10.1109/PuneCon67554.2025.11379266,5,Evaluating and Enhancing the Robustness of Convolutional Neural Networks Against Adversarial Attacks: A Case Study on MNIST,2025,"Convolutional Neural Networks (CNNs) have achieved exceptional performance in computer vision tasks, particularly in image classification domains such as MNIST digit recognition. However, their susceptibility to adversarial attacks poses serious security threats that limit their deployment in real-world applications. This research comprehensively examines CNNs vulnerability through systematic evaluation of five potent adversarial attacks such as FGSM, BIM, PGD, Deep Fool, and Carlini-Wagner on MNIST dataset. The baseline CNN model achieves 99.23% accuracy on clean data, but experiences catastrophic performance degradation under adversarial conditions, with accuracy dropping to as low as 8.91% against BIM attacks. To address these vulnerabilities, this study proposes CADF: a Comprehensive Cyber Attack Detection Framework that implements a multi-layered defense strategy. The framework incorporates a binary detection classifier achieving 99.56% accuracy in identifying adversarial examples, followed by a multi-class attack identifier with 93.56 % accuracy in categorizing specific threat types. CADF's adaptive defense engine dynamically selects optimal countermeasures including feature squeezing, spatial smoothing, and ensemble defenses based on the identified attack characteristics. This integrated approach provides a scalable and efficient solution for enhancing CNN robustness without compromising computational performance, offering significant advancements in securing deep learning systems against evolving adversarial threats.",title_abstract,,,
10.1109/TGRS.2025.3596916,6,BAN: A Boundary-Aware Network Based on KAN for Robust Hyperspectral Image Classification Against Adversarial Attacks,2025,"Deep neural networks (DNNs) have achieved significant advancements in hyperspectral image (HSI) classification, enabling critical applications in environmental monitoring, medical imaging, and geological analysis. However, their vulnerability to adversarial attacks, particularly in the boundary regions between classes, remains a critical challenge. Existing defense methods often struggle to address these issues due to insufficient adaptability to irregular boundary patterns and larger perturbations in boundary regions. To bridge this gap, we propose a boundary-aware network (BAN), a novel adversarial defense network framework that integrates a multiscale deformable convolution (MSDC) module with a Kolmogorov–Arnold network (KAN). The MSDC module dynamically adjusts receptive fields across scales to capture discriminative spatial-spectral features, while the KAN architecture leverages its cubic spline-based smooth nonlinearity to suppress gradient-driven adversarial perturbations. By leveraging these components, BAN not only mitigates boundary-specific vulnerabilities but also enhances global robustness against diverse adversarial threats. Experimental results on three benchmark HSI datasets demonstrate that BAN outperforms state-of-the-art methods, maintaining high accuracy and robustness under various adversarial attack scenarios.",title_abstract,,,
10.1109/TIFS.2025.3533925,6,Parameter Interpolation Adversarial Training for Robust Image Classification,2025,"Though deep neural networks exhibit superior performance on various tasks, they are still plagued by adversarial examples. Adversarial training has been demonstrated to be the most effective method to defend against adversarial attacks. However, existing adversarial training methods show that the model robustness has apparent oscillations and overfitting issues in the training process, degrading the defense efficacy. To address these issues, we propose a novel framework called Parameter Interpolation Adversarial Training (PIAT). PIAT tunes the model parameters between each epoch by interpolating the parameters of the previous and current epochs. It makes the decision boundary of model change more moderate and alleviates the overfitting issue, helping the model converge better and achieving higher model robustness. In addition, we suggest using the Normalized Mean Square Error (NMSE) to further improve the robustness by aligning the relative magnitude of logits between clean and adversarial examples rather than the absolute magnitude. Extensive experiments conducted on several benchmark datasets demonstrate that our framework could prominently improve the robustness of both Convolutional Neural Networks (CNNs) and Vision Transformers (ViTs).",title_abstract,,,
10.1109/WACV57701.2024.00375,5,NCIS: Neural Contextual Iterative Smoothing for Purifying Adversarial Perturbations,2024,"We propose a novel and effective purification-based adversarial defense method against pre-processor blind white-and black-box attacks, without requiring any adversarial training or retraining of the classification model. Based on the observation of the adversarial noise, we propose a simple iterative Gaussian Smoothing (GS) that smoothes out adversarial noise and achieves substantially high robust accuracy. To further improve the method, we propose Neural Contextual Iterative Smoothing (NCIS), which trains a blind-spot network (BSN) in a self-supervised manner to reconstruct the discriminative features of the smoothed original image. From the extensive experiments on the large-scale ImageNet, we show that our method achieves both competitive standard accuracy and state-of-the-art robust accuracy against most strong purifier-blind white- and black-box attacks. Also, we propose a new evaluation benchmark based on commercial image classification APIs, including AWS, Azure, Clarifai, and Google, and demonstrate that users can use our method to increase the adversarial robustness of APIs.",title_abstract,,,
10.1109/DSAA65442.2025.11248006,6,ADT++: Advanced Adversarial Distributional Training with Class-Wise Robustness,2025,"Adversarial training (AT) is widely regarded as a leading defense strategy for improving the robustness of deep learning models against adversarial attacks. However, existing AT methods often rely on a single attack strategy during training, which limits the exploration of the perturbation space and leads to poor generalization robustness against stronger, unseen, or adaptive adversarial attacks. Moreover, most AT approaches overlook class-wise robustness–the observed variation in robustness across different image classes–by focusing solely on average performance over the entire dataset. In this paper, we present Advanced Distributional Training with Class-wise Robustness (ADT++), a novel adversarial training framework that significantly improves generalization robustness against unseen and sophisticated adversarial attacks. Following the standard adversarial training framework, ADT++ is formulated as a minmax optimization problem, where the inner maximization aims to learn the worst-case adversarial distribution around adversarial examples to further explore the perturbation space. The outer minimization seeks to find model parameters that minimize the expected loss of the maximum inner loss. To further improve the generalization robustness, ADT++ leverages the class-wise robustness phenomenon by targeting the most vulnerable image classes with high-loss adversarial attacks to generate more impactful adversarial examples. Extensive evaluations on benchmark datasets and against various AT defense methods and adversarial attacks confirm the effectiveness of ADT++ in improving model robustness against stronger and adaptive attacks. The source code of ADT++ can be found.11https://github.com/LAiSR-SK/ADT2Plus",title_abstract,,,
10.1109/ACCESS.2024.3412890,6,Detection and Defense: Student-Teacher Network for Adversarial Robustness,2024,"Defense against adversarial attacks is critical for the reliability and safety of deep neural networks (DNNs). Current state-of-the-art defense methods achieve significant robustness against adversarial attacks. However, such defense methods cannot distinguish between adversarial examples (AEs) and normal examples (NEs). Thus, they apply the same defense process for both examples to perform classification, resulting in performance degradation for NEs. In this paper, we propose a novel defense method based on the student-teacher framework that can minimize the classification performance degradation for NEs by detecting AEs and then applying the defense process only to AEs. Focusing on the fact that distortion in the hidden layer features is inevitable for the success of adversarial attacks, we train the student network to predict the undistorted hidden layer features of the teacher network (target DNN). Therefore, our method can detect AEs through the difference in the hidden layer features between the student and teacher network, and then recover the classification result of AEs using the penultimate layer features predicted by the student network. Through extensive experiments on representative image classification benchmark datasets, i.e., CIFAR-10, CIFAR-100, and TinyImagenet, we demonstrate the superiority of our method in both detection and defense compared with state-of-the-art methods. Furthermore, we show that our method achieves robust detection and defense performance for a fully white-box attack that assumes an attacker knows the information of our entire detection and defense mechanism.",title_abstract,,,
10.1109/ICIP42928.2021.9506493,6,Self-Supervised Disentangled Embedding For Robust Image Classification,2021,"Recently, the security of deep learning algorithms against adversarial samples has been widely recognized. Most of the existing defense methods only consider the attack influence on image level, while the effect of correlation among feature components has not been investigated. In fact, when one feature component is successfully attacked, its correlated components can be attacked with higher probability. In this paper, a self-supervised disentanglement based defense framework is proposed, providing a general tool to disentangle features by greatly reducing correlation among feature components, thus significantly improving the robustness of the classification network. The proposed framework reveals the important role of disentangled embedding in defending adversarial samples. Extensive experiments on several benchmark datasets validate that the proposed defense framework consistently presents its robustness against extensive adversarial attacks. Also, the proposed model can be applied to any typical defense method as a good promotion strategy.",title_abstract,,,
10.1109/ICCV48922.2021.00740,6,Towards Robustness of Deep Neural Networks via Regularization,2021,"Recent studies have demonstrated the vulnerability of deep neural networks against adversarial examples. In-spired by the observation that adversarial examples often lie outside the natural image data manifold and the intrinsic dimension of image data is much smaller than its pixel space dimension, we propose to embed high-dimensional input images into a low-dimensional space and apply regularization on the embedding space to push the adversarial examples back to the manifold. The proposed framework is called Embedding Regularized Classifier (ER-Classifier), which improves the adversarial robustness of the classifier through embedding regularization. Besides improving classification accuracy against adversarial examples, the framework can be combined with detection methods to detect adversarial examples. Experimental results on several benchmark datasets show that, our proposed framework achieves good performance against strong adversarial at-tack methods.",title_abstract,,,
10.1109/WACV57701.2024.00436,6,Benchmark Generation Framework with Customizable Distortions for Image Classifier Robustness,2024,"We present a novel framework for generating adversarial benchmarks to evaluate the robustness of image classification models. Our framework allows users to customize the types of distortions to be optimally applied to images, which helps address the specific distortions relevant to their deployment. The benchmark can generate datasets at various distortion levels to assess the robustness of different image classifiers. Our results show that the adversarial samples generated by our framework with any of the image classification models, such as ResNet-50, Inception-V3 and VGG16, are effective and transferable to other models causing them to fail. These failures happen even when these models are adversarially retrained using state-of-the-art techniques, demonstrating the generalizability of our adversarial samples. We achieve competitive performance in terms of net L2 distortion compared to state-of-the-art benchmark techniques on CIFAR-10 and ImageNet; however, we demonstrate that our framework achieves such results with simple distortions like Gaussian noise without introducing unnatural artifacts or color bleeds. This is made possible by a model-based reinforcement learning (RL) agent and a technique that reduces a deep tree search of the image for model sensitivity to perturbations, to a one-level analysis and action. The flexibility of choosing distortions and setting classification probability thresholds for multiple classes makes our framework suitable for algorithmic audits.",title_abstract,,,
10.1109/TMM.2024.3407677,6,Towards Robust Person Re-Identification by Adversarial Training With Dynamic Attack Strategy,2024,"Recently, person re-identification has gained significant attention from both academic and industry fields due to its potential applications in surveillance and security. However, the security of re-identification systems has not been widely investigated, and they are vulnerable to adversarial attacks, which can significantly degrade their performance. Although numerous sophisticated adversarial training methods have been proposed for image classification, metric analysis systems such as person re-identification have not been fully explored. In this paper, we develop a novel adversarial training framework with a dynamic attack strategy for person re-identification, to further enhance the robustness of the model. Specifically, we gradually increase the perturbation budget during the generation until the generated adversarial examples reach a certain level of attack strength. As the iterations progress, the model becomes more robust, and our framework can generate stronger adversarial examples to continuously explore the robustness bounds of the model. Moreover, to alleviate the conflict between the adversarial robustness and natural generalization of the model, we design a novel performance alignment loss to further constrain the adversarial example generation process, which can make the generated adversarial examples as close as possible to the clean samples in terms of performance. Experiments on two widely used person re-ID benchmark datasets demonstrate the effectiveness and superiority of our proposed method.",title_abstract,,,
10.1109/TPAMI.2026.3720232,8,ATR-UAP: Enhancing the Transferability of Data-Free Universal Adversarial Perturbation via Adaptive Truncated Ratio Maximization,2026,"Universal adversarial attacks aim to generate a single image-agnostic perturbation, known as Universal Adversarial Perturbation (UAP), that consistently misleads CNN models across diverse inputs, thus serving as an efficient tool for robustness evaluation. Early approaches to universal attacks typically rely on large-scale training data to optimize UAPs. However, in real-world scenarios, access to such data is often restricted due to privacy concerns or deployment constraints. To address this limitation, data-free universal attacks have been proposed to craft UAPs without requiring any real data. Nevertheless, existing data-free methods generally depend on pre-defined CNN layers (e.g., all or shallow layers), lacking adaptive selection mechanisms. This rigidity limits their transferability to unseen black-box models. Thus, in this paper, we propose a novel Adaptive Truncated Ratio Maximization approach for crafting data-free UAPs, referred to as ATR-UAP. Specifically, adaptive layer-wise weight learning is integrated into the ratio maximization framework, with the update direction jointly regulated by exclusive sparsity and prior guidance. Building on this, we further introduce a variance reduction strategy to uniformly smooth CNN activation values, thereby preventing UAP training from being dominated by extreme activations. Finally, we propose a curriculum-guided alternating optimization algorithm that promotes input diversity in data-free attack settings, while efficiently addressing the multivariate optimization challenge. Experimental results on various benchmark datasets consistently validate the superiority of the proposed ATR-UAP over state-of-the-art data-free UAP methods, particularly in cross-model and cross-task transferability. Furthermore, an in-depth evaluation from diverse perspectives confirms the improved generalization and robustness of our generated data-free UAPs.",title_abstract,,,
10.1109/IJCNN54540.2023.10191447,6,Class-Balanced Universal Perturbations for Adversarial Training,2023,"Universal attack generates image-agnostic perturbation called universal adversarial perturbation (UAP), which can be added to all samples in the data distribution to fool the classifier. However, a universal perturbation will likely mislead the classifier to identify most adversarial examples as the same label, resulting in the imbalance of attack strength between classes. In this paper, we propose class-balanced UAPs that enlarge the dispersion of the predicted labels for adversarial examples. To ensure attack strength and balance simultaneously, we design a novel diversity objective containing probability calibration and penalty regularizer, which fully considers the predicted label distribution between samples and the predicted probability distribution within samples. Furthermore, we apply class-balanced attacks in adversarial training to defend against universal perturbations since the class-balanced UAP provides diverse perturbation directions. We correspondingly reformulate adversarial training from the min-max optimization problem into a new two-stage framework. Experiments on several benchmark datasets demonstrate that the class-balanced attack achieves better performance than the universal attack, while adversarial training with class-balanced UAP achieves state-of-the-art results in clean accuracy and robustness to universal perturbations.",title_abstract,,,
10.1109/CVPR42600.2020.00040,5,Benchmarking Adversarial Robustness on Image Classification,2020,"Deep neural networks are vulnerable to adversarial examples, which becomes one of the most important research problems in the development of deep learning. While a lot of efforts have been made in recent years, it is of great significance to perform correct and complete evaluations of the adversarial attack and defense algorithms. In this paper, we establish a comprehensive, rigorous, and coherent benchmark to evaluate adversarial robustness on image classification tasks. After briefly reviewing plenty of representative attack and defense methods, we perform large-scale experiments with two robustness curves as the fair-minded evaluation criteria to fully understand the performance of these methods. Based on the evaluation results, we draw several important findings that can provide insights for future research, including: 1) The relative robustness between models can change across different attack configurations, thus it is encouraged to adopt the robustness curves to evaluate adversarial robustness; 2) As one of the most effective defense techniques, adversarial training can generalize across different threat models; 3) Randomization-based defenses are more robust to query-based black-box attacks.",title_abstract,,,
10.1109/SIST61674.2026.11596316,7,Security Challenges and Robustness of Computer Vision Systems to Adversarial Attacks,2026,"This study is to analyze and systematize adversarial attacks and defense mechanisms in computer vision systems to ensure the security and reliability of artificial intelligence. Key types of adversarial threats, including white-box and black-box attacks, are classified and evaluated. Three core research components are identified to enhance the robustness of neural networks: vulnerability analysis, the implementation of defense methods, and the development of a testing framework. The scientific novelty of this research is the structured approach to evaluating the resilience of deep learning models through a software prototype developed in Python. This approach allows for the demonstration of adversarial perturbations on image classification and the comparative analysis of mitigation techniques. The experimental results demonstrate that gradient-based attacks (FGSM, PGD) effectively compromise model integrity, reducing classification confidence from $\mathbf{9 2} \%$ to $\mathbf{1 4} \%$ at an epsilon ($\boldsymbol{\epsilon}$) of 0.05. Conversely, the proposed spatial filtering mitigation successfully restores correct classification in 76% of evasion scenarios. The findings of this study provide a systematic basis for auditing and protecting computer vision systems in critical domains such as autonomous transport, medical diagnostics, and biometric authentication at all stages of their implementation.",title_abstract,,,
10.1109/ICASSP.2019.8683044,6,APE-GAN: Adversarial Perturbation Elimination with GAN,2019,"Although Deep Neural Networks could achieve state-of-the-art performance while recongnizing images, they often suffer a tremendous defeat from adversarial examples-inputs generated by utilizing imperceptible but intentional perturbations to samples from the datasets. So far, very few methods have provided a significant defense to adversarial examples. In this paper, an effective framework based Generative Adversarial Nets(GAN) is proposed to defense against the adversarial examples. The essense of the model is to eliminate the adversarial perturbations being highly aligned with the weight vectors of nueral models. Extensive experiments on benchmark datasets MNIST, CIFAR10 and ImageNet indicate that our framework is able to defense against adversarial examples effectively.",title_abstract,,,
10.1109/ACOIT62457.2024.10941671,7,Robust Image Classification: Defensive Strategies against FGSM and PGD Adversarial Attacks,2024,"Adversarial attacks, particularly the Fast Gradient Sign Method (FGSM) and Projected Gradient Descent (PGD) pose significant threats to the robustness of deep learning models in image classification. This paper explores and refines defense mechanisms against these attacks to enhance the resilience of neural networks. We employ a combination of adversarial training and innovative preprocessing techniques, aiming to mitigate the impact of adversarial perturbations. Our methodology involves modifying input data before classification and investigating different model architectures and training strategies. Through rigorous evaluation of benchmark datasets, we demonstrate the effectiveness of our approach in defending against FGSM and PGD attacks. Our results show substantial improvements in model robustness compared to baseline methods, highlighting the potential of our defense strategies in real-world applications. This study contributes to the ongoing efforts to develop secure and reliable machine learning systems, offering practical insights and paving the way for future research in adversarial defense. By bridging theoretical advancements and practical implementation, we aim to enhance the trustworthiness of AI applications in safety-critical domains.",title_abstract,,,
10.1109/IEEECONF67917.2025.11443922,7,Universal Adversarial Perturbations for Two-Stage Black-Box Object Detectors,2025,"Robustness against adversarial perturbations is critical for machine learning models in security-sensitive domains such as threat detection in luggage scans, medical imaging, autonomous driving, biometrics, and military surveillance. However, existing adversarial attack methods often require detailed knowledge of model architectures or generate image-specific perturbations that fail to generalize. In this paper, we propose a novel universal adversarial perturbation (UAP) framework specifically designed for two-stage black-box object detection systems. Our approach employs a two-stage loss function that strategically disrupts both the region proposal network to reduce candidate detections and the region of interest head to impair object classification, resulting in more effective and visually imperceptible attacks. In addition, we extend UAP evaluation to a semi-model-agnostic framework that systematically assesses the transferability of perturbations across diverse commercial detection systems, enabling robust comparison without requiring access to internal model parameters. We present numerical experiments across diverse detection architectures, highlighting both overall and category-specific vulnerabilities to transferable adversarial attacks. These findings contribute to the practical evaluation of object detection robustness and support reliable deployment in real-world environments where resistance to transferable attacks is critical.",title_abstract,,,
10.1109/TC.2023.3236872,6,OFEI: A Semi-Black-Box Android Adversarial Sample Attack Framework Against DLaaS,2024,"With the growing popularity of Android devices, Android malware is seriously threatening the safety of users. Although such threats can be detected by deep learning as a service (DLaaS), deep neural networks as the weakest part of DLaaS are often deceived by the adversarial samples elaborated by attackers. In this paper, we propose a new semi-black-box attack framework called one-feature-each-iteration (OFEI) to craft Android adversarial samples. This framework modifies as few features as possible and requires less classifier information to fool the classifier. We conduct a controlled experiment to evaluate our OFEI framework by comparing it with the benchmark methods JSMF, GenAttack and pointwise attack. The experimental results show that our OFEI has a higher misclassification rate of 98.25%. Furthermore, OFEI can extend the traditional white-box attack methods in the image field, such as fast gradient sign method (FGSM) and DeepFool, to craft adversarial samples for Android. Finally, to enhance the security of DLaaS, we use two uncertainties of the Bayesian neural network to construct the combined uncertainty, which is used to detect adversarial samples and achieves a high detection rate of 99.28%.",title_abstract,,,
10.1109/ICCCS57501.2023.10151180,5,A Convenient Deep Learning Model Attack and Defense Evaluation Analysis Platform,2023,"Researchers have been studying in recent years how to improve the security of deep learning models to resist adversarial attacks. However, attack and defense algorithms are generally targeted, a unified, comprehensive, efficient, and convenient analysis platform is needed for deep learning model security evaluation. Deep learning model security evaluation faces the following challenges:(i) The difference of deep learning frameworks used to generate models causes inconvenience in model security evaluation. (ii) Most of the attack and defense algorithms are not universally applicable. A comprehensive measurement baseline is needed to comprehensively evaluate various attack and defense algorithms. (iii) A set of quantitative metric system needs to be proposed. In this paper, a convenient deep learning model attack and defense evaluation analysis platform is designed to automate the evaluate process. Users need only a small amount of configuration to complete the evaluation of various attack and defense algorithms. The platform integrates a variety of black-box attack algorithms and white-box attack algorithms and 6 defense algorithms. Besides, a system of metrics is constructed, covering imperceptibility, robustness, attack efficiency, etc. Based on this platform, we evaluate the performance of various algorithms on common image classification models. Compared with other platforms, this platform is efficient and convenient for evaluation, and has a wide range of evaluation. It has the ability of comparing and analyzing models generated by various frameworks and is useful for research on the security of deep learning models.",title_abstract,,,
10.1109/TIFS.2024.3520306,8,B-AVIBench: Toward Evaluating the Robustness of Large Vision-Language Model on Black-Box Adversarial Visual-Instructions,2025,"Large Vision-Language Models (LVLMs) have shown significant progress in responding well to visual-instructions from users. However, these instructions, encompassing images and text, are susceptible to both intentional and inadvertent attacks. Despite the critical importance of LVLMs’ robustness against such threats, current research in this area remains limited. To bridge this gap, we introduce B-AVIBench, a framework designed to analyze the robustness of LVLMs when facing various Black-box Adversarial Visual-Instructions (B-AVIs), including four types of image-based B-AVIs, ten types of text-based B-AVIs, and nine types of content bias B-AVIs (such as gender, violence, cultural, and racial biases, among others). We generate 316K B-AVIs encompassing five categories of multimodal capabilities (ten tasks) and content bias. We then conduct a comprehensive evaluation involving 14 open-source LVLMs to assess their performance. B-AVIBench also serves as a convenient tool for practitioners to evaluate the robustness of LVLMs against B-AVIs. Our findings and extensive experimental results shed light on the vulnerabilities of LVLMs, and highlight that inherent biases exist even in advanced closed-source LVLMs like GeminiProVision and GPT-4V. This underscores the importance of enhancing the robustness, security, and fairness of LVLMs. The source code and benchmark are available at https://github.com/zhanghao5201/B-AVIBench.",title_abstract,,,
10.1109/IJCNN54540.2023.10191429,5,Improving Robustness Against Adversarial Attacks with Deeply Quantized Neural Networks,2023,"Reducing the memory footprint of Machine Learning (ML) models, particularly Deep Neural Networks (DNNs), is essential to enable their deployment into resource-constrained tiny devices. However, a disadvantage of DNN models is their vulnerability to adversarial attacks, as they can be fooled by adding slight perturbations to the inputs. Therefore, the challenge is how to create accurate, robust, and tiny DNN models deployable on resource-constrained embedded devices. This paper reports the results of devising a tiny DNN model, robust to adversarial black and white box attacks, trained with an automatic quantization-aware training framework, i.e. QKeras, with deep quantization loss accounted in the learning loop, thereby making the designed DNNs more accurate for deployment on tiny devices. We investigated how QKeras and an adversarial robustness technique, Jacobian Regularization (JR), can provide a co-optimization strategy by exploiting the DNN topology and the per layer JR approach to produce robust yet tiny deeply quantized DNN models. As a result, a new DNN model implementing this co-optimization strategy was conceived, developed and tested on three datasets containing both images and audio inputs, as well as compared its performance with existing benchmarks against various white-box and black-box attacks. Experimental results demonstrated that on average our proposed DNN model resulted in 8.3% and 79.5% higher accuracy than MLCommons/Tiny benchmarks in the presence of white-box and black-box attacks on the CIFAR-10 image dataset and a subset of the Google Speech Commands audio dataset respectively. It was also 6.5% more accurate in the presence of black-box attacks on the SVHN image dataset.",title_abstract,,,
10.1109/TENSYMP55890.2023.10223620,5,The Race to Robustness: Exploiting Fragile Models for Urban Camouflage and the Imperative for Machine Learning Security,2023,"Adversarial Machine Learning (AML) represents the ability to disrupt Machine Learning (ML) algorithms through a range of methods that broadly exploit the architecture of deep learning optimisation. This paper presents Distributed Adversarial Regions (DAR), a novel method that implements distributed instantiations of computer vision-based AML attack methods that may be used to disguise objects from image recognition in both white and black box settings. We consider the context of object detection models used in urban environments, and benchmark the MobileNetV2, NasNetMobile and DenseNet169 models against a subset of relevant images from the ImageNet dataset. We evaluate optimal parameters (size, number and perturbation method), and compare to state-of-the-art AML techniques that perturb the entire image. We find that DARs can cause a reduction in confidence of 40.4% on average, but with the benefit of not requiring the entire image, or the focal object, to be perturbed. The DAR method is a deliberately simple approach where the intention is to highlight how an adversary with very little skill could attack models that may already be productionised, and to emphasise the fragility of foundational object detection models. We present this as a contribution to the field of ML security as well as AML. This paper contributes a novel adversarial method, an original comparison between DARs and other AML methods, and frames it in a new context - that of urban camouflage and the necessity for ML security and model robustness.",title_abstract,,,
10.1109/TIFS.2026.3684843,6,Query-Efficient Hard-Label Attacks Against Black-Box Image Forgery Localization Model via Reinforcement Learning,2026,"Deep learning-based image forgery localization models are increasingly deployed in real-world forensic services, yet their robustness against black-box adversarial manipulation remains insufficiently understood, calling for practical anti-forensics techniques to expose potential security weaknesses. Prior adversarial anti-forensics studies for forgery localization mainly assume white-box access, which limits their applicability to deployed systems where only hard, mask-like outputs are available and queries are tightly constrained. To bridge this gap, we propose AdvFor, a query-efficient black-box attack framework tailored for forgery localization with hard-label, mask-only, spatially dense binary feedback. AdvFor formulates the attacker–model interaction as a finite-horizon Markov Decision Process and learns a transferable attack policy from hard-mask feedback. Once trained, AdvFor can be deployed via fixed-length policy execution with only $T=7$ queries per image, avoiding per-image boundary refinement or query-dense direction/gradient estimation. The learned policy optimizes a structured objective—progressively suppressing forgery responses in the predicted localization mask so that the masks of forgery images approach an authentic-like (near-zero) output—while maintaining visual fidelity. Extensive experiments on six benchmark datasets and multiple modern forgery localization models demonstrate that AdvFor consistently achieves stronger attack performance than representative baselines under the same perturbation constraints, while operating in an ultra-low-query regime. We further validate AdvFor under common deployment-style defenses, showing its notable effectiveness in realistic settings.",title_abstract,,,
10.1109/TPAMI.2019.2919707,5,On the Robustness of Semantic Segmentation Models to Adversarial Attacks,2020,"Deep Neural Networks (DNNs) have demonstrated exceptional performance on most recognition tasks such as image classification and segmentation. However, they have also been shown to be vulnerable to adversarial examples. This phenomenon has recently attracted a lot of attention but it has not been extensively studied on multiple, large-scale datasets and structured prediction tasks such as semantic segmentation which often require more specialised networks with additional components such as CRFs, dilated convolutions, skip-connections and multiscale processing. In this paper, we present what to our knowledge is the first rigorous evaluation of adversarial attacks on modern semantic segmentation models, using two large-scale datasets. We analyse the effect of different network architectures, model capacity and multiscale processing, and show that many observations made on the task of classification do not always transfer to this more complex task. Furthermore, we show how mean-field inference in deep structured models, multiscale processing (and more generally, input transformations) naturally implement recently proposed adversarial defenses. Our observations will aid future efforts in understanding and defending against adversarial examples. Moreover, in the shorter term, we show how to effectively benchmark robustness and show which segmentation models should currently be preferred in safety-critical applications due to their inherent robustness.",title_abstract,,,
10.1109/WACVW68408.2026.00026,6,Seeing Isn't Believing: Context-Aware Adversarial Patch Synthesis via Conditional GAN,2026,"Adversarial patch attacks pose a severe threat to deep neural networks, yet most existing approaches rely on unrealistic white-box assumptions, untargeted objectives, or produce visually conspicuous patches that limit real-world applicability. In this work, we introduce a novel framework for fully controllable adversarial patch generation, where the attacker can freely choose both the input image x and the target class ytarget, thereby dictating the exact misclassification outcome. Our method combines a generative U-Net design with Grad-CAM-guided patch placement, enabling semantic-aware localization that maximizes attack effectiveness while preserving visual realism. Extensive experiments across convolutional networks (DenseNet-121, ResNet-50) and vision transformers (ViT-B/16, Swin-B/16, among others) demonstrate that our approach achieves state-of-the-art performance across all settings, with attack success rates (ASR) and target-class success (TCS) consistently exceeding 99%. Importantly, we show that our method not only outperforms prior white-box attacks and untargeted baselines, but also surpasses existing non-realistic approaches that produce detectable artifacts. By simultaneously ensuring realism, targeted control, and black-box applicability-the three most challenging dimensions of patch-based attacks-our framework establishes a new benchmark for adversarial robustness research, bridging the gap between theoretical attack strength and practical stealthiness.",title_abstract,,,
10.1109/ICEARS64219.2025.10940731,5,Mitigating Iterative Fast Gradient Adversarial Poisoning in Archaeological Image Datasets using Generative Adversarial Networks and Denoising Autoencoders,2025,"This paper presents an innovative approach for evaluating and improving the robustness of deep learning models against adversarial attacks for image datasets. In this framework, Generative Adversarial Networks (GANs) are proposed for synthetic image generation, and Denoising Autoencoders (DAEs) are used for noise removal. An adversarial training pipeline is used to generate adversarial examples and analyze the effect of these examples on model performance. A discriminator network is used for adversarial sample detection and classifying samples, whereas the autoencoder is used to minimize reconstruction errors by means of a robust image recovering algorithm. The evaluation contains metrics for an adversarial sample detection and reconstruction accuracy, thereby providing insight into the robustness or sometimes defense of ML models under adversarial conditions. The results indicate that this is able to detect adversarial influences on the models and mitigate them evidently, thus forming one step towards forming secure AI systems.",title_abstract,,,
10.1109/INSTCon69741.2026.11691726,5,Cross-Adversarial Analysis and Enhancement of EfficientNet-B0 for Deepfake Detection Against White-box Adversarial Attacks,2026,"The rapid rise of deepfake technology has increased the need for reliable detection methods. Existing leading models are still quite vulnerable to manipulations. Recent architectures based on EfficientNet have shown strong performance in spotting spatial artifacts for deepfake detection. However, their ability to handle adversarial attacks, especially white-box attacks, has not been thoroughly studied. This research presents a thorough assessment of the robustness of EfficientNet-B0 using the challenging Celeb-DF dataset. We evaluate its vulnerability to four common white-box attacks: FGSM, BIM, PGD, and the DF attack. The baseline model achieves a solid clean-image accuracy of 97.08%. However, our results show a performance drop of up to 30% in adversarial situations, revealing its weakness in real-world threat scenarios. To address this problem, we integrate a Feature Denoising block into the EfficientNet-B0 spatial branch and pair it with different adversarial training strategies, using perturbed samples from a single type of attack. Our evaluations of these defenses against various attacks show notable improvements in robustness. They also highlight key trade-offs between accuracy on unperturbed data and overall resilience against different attack types. In summary, this study sets a benchmark for the robustness of EfficientNet-based deepfake detectors and provides practical insights into the strengths and weaknesses of adversarial training as a defense strategy.",title_abstract,,,
10.1109/TPAMI.2025.3596462,5,Real-World Adversarial Defense Against Patch Attacks Based on Diffusion Model,2025,"Adversarial patches present significant challenges to the robustness of deep learning models, making the development of effective defenses become critical for real-world applications. This paper introduces DIFFender, a novel DIFfusion-based DeFender framework that leverages the power of a text-guided diffusion model to counter adversarial patch attacks. At the core of our approach is the discovery of the Adversarial Anomaly Perception (AAP) phenomenon, which enables the diffusion model to accurately detect and locate adversarial patches by analyzing distributional anomalies. DIFFender seamlessly integrates the tasks of patch localization and restoration within a unified diffusion model framework, enhancing defense efficacy through their close interaction. Additionally, DIFFender employs an efficient few-shot prompt-tuning algorithm, facilitating the adaptation of the pre-trained diffusion model to defense tasks without the need for extensive retraining. Our comprehensive evaluation, covering image classification and face recognition tasks, as well as real-world scenarios, demonstrates DIFFender’s robust performance against adversarial attacks. The framework’s versatility and generalizability across various settings, classifiers, and attack methodologies mark a significant advancement in adversarial patch defense strategies. Except for the popular visible domain, we have identified another advantage of DIFFender: its capability to easily expand into the infrared domain. Consequently, we demonstrate the good flexibility of DIFFender, which can defend against both infrared and visible adversarial patch attacks alternatively using a universal defense framework.",title_abstract,,,
10.1109/PECCII70991.2026.11661960,7,Illusions of Robustness: Adaptive Evaluation of Quantization-Based Inference,2026,"Adversarial robustness evaluation has become a critical area in deep learning research, particularly for image classification tasks. Many defenses report strong performance under standard adversarial benchmarks; however, these evaluations may not accurately reflect true robustness. In this paper, we investigate the reliability of adversarial robustness evaluation in quantization-based inference pipelines using Multi-View Bit-Squeezing Inference (MVBSI) as a diagnostic testbed. We evaluate MVBSI on CIFAR-10 and CIFAR-100 using ResNet18 as the backbone architecture. ResNet-18 is widely adopted in adversarial robustness research and serves as a standardized benchmark model for fair comparison with prior work. Our experiments include clean evaluation, PGD-based attacks, AutoAttack, and an adaptive attack specifically designed to account for the MVBSI transformation. Although MVBSI achieves better robustness against attacks based on common benchmarks such as AutoAttack compared to baseline bit-squeezing methods, our experiments demonstrate that such benchmarks might greatly overestimate the robustness due to their significant degradation under adaptive attacks. It shows that the apparent robustness in such evaluations comes mostly from gradient obfuscation, but does not provide adversarially robust solutions. Such results show the importance of adaptive evaluation in testing defenses and call for further robustness validation. It is worth noting that MVBSI was introduced not to be used as an adversarially robust defense method itself, but to reveal potential flaws in typical robustness testing techniques.",title_abstract,,,
10.1109/TETCI.2024.3400867,5,Hybrid Architecture-Based Evolutionary Robust Neural Architecture Search,2024,"The robustness of neural networks in image classification is important to resist adversarial attacks. Although many researchers proposed to enhance the network robustness by inventing network training paradigms or designing network architectures, existing approaches are mainly based on a single type of networks, e.g., convolution neural networks (CNNs) or vision Transformer (ViT). Considering a recently revealed fact that CNNs and ViT can effectively defend against adversarial attacks transferred from each other, this paper aims to enhance network robustness by designing robust hybrid architecture networks containing different types of networks. To this end, we propose a hybrid architecture-based evolutionary neural architecture search approach for robust architecture design, termed HA-ENAS. Specifically, to combine or aggregate different types of networks in the same network framework, a multi-stage block-wise hybrid architecture network is first devised as the supernet, where three types of blocks (called convolution blocks, Transformer blocks, multi-layer perception blocks) are further designed as each block's candidate, and thus a hybrid architecture-based search space is established for HA-ENAS; then, the robust hybrid architecture search is formulated as an optimization problem maximizing both clean and adversarial accuracy of architectures, and an efficient multi-objective evolutionary algorithm is employed to solve the problem, where a supernet-based retraining evaluation and a surrogate model are used to mitigate coupled weight influence and reduce the whole search cost. Experimental results show that the hybrid architectures found by the proposed HA-ENAS outperform state-of-the-art single-type architectures in terms of clean accuracy and adversarial accuracy under a variety of common attacks.",title_abstract,,,
10.1109/WACV57701.2024.00393,5,Exploring Adversarial Robustness of Vision Transformers in the Spectral Perspective,2024,"The Vision Transformer has emerged as a powerful tool for image classification tasks, surpassing the performance of convolutional neural networks (CNNs). Recently, many researchers have attempted to understand the robustness of Transformers against adversarial attacks. However, previous researches have focused solely on perturbations in the spatial domain. This paper proposes an additional perspective that explores the adversarial robustness of Transformers against frequency-selective perturbations in the spectral domain. To facilitate comparison between these two domains, an attack framework is formulated as a flexible tool for implementing attacks on images in the spatial and spectral domains. The experiments reveal that Transformers rely more on phase and low frequency information, which can render them more vulnerable to frequency-selective attacks than CNNs. This work offers new insights into the properties and adversarial robustness of Transformers.",title_abstract,,,
10.1109/CVPR52734.2025.01528,5,Advancing Adversarial Robustness in GNeRFs: The IL2-NeRF Attack,2025,"Generalizable Neural Radiance Fields (GNeRF) are recognized as one of the most promising techniques for novel view synthesis and 3D model generation in real-world applications. However, like other generative models in computer vision, ensuring their adversarial robustness against various threat models is essential for practical use. The pioneering work in this area, NeRFool, introduced a state-of-the-art attack that targets GNeRFs by manipulating source views before feature extraction, successfully disrupting the color and density results of the constructed views. Building on this foundation, we propose IL2-NeRF (Iterative L2 NeRF Attack), a novel adversarial attack method that explores a new threat model (in the L2 domain) for attacking GNeRFs. We evaluated IL2-NeRF against two standard GNeRF models across three benchmark datasets, demonstrating similar performance compared to NeRFool, based on the same evaluation metrics proposed by NeRFool. Our results establish IL2-NeRF as the first adversarial method for GNeRFs under the L2 norm. We establish a foundational L2 threat model for future research, enabling direct performance comparisons while introducing a smoother, image-wide perturbation approach in Adversarial 3D Reconstruction. Our code is available at: https://github.com/The-NRC-SCAR-Group/IL2-NeRF",title_abstract,,,
10.1109/TMM.2025.3613152,5,Unrevealed Threats: Adversarial Robustness Analysis of Underwater Image Enhancement Models,2025,"Learning-based methods for underwater image enhancement (UWIE) have undergone extensive exploration. However, learning-based models are usually vulnerable to adversarial examples so as the UWIE models. To the best of our knowledge, there is no comprehensive study on the adversarial robustness of UWIE models, which indicates that UWIE models are potentially under the threat of adversarial attacks. In this paper, we propose a general adversarial attack protocol. We make a first attempt to conduct adversarial attacks on five well-designed UWIE models on three common underwater image benchmark datasets. Considering the scattering and absorption of light in the underwater environment, there exists a strong correlation between color correction and underwater image enhancement. On the basis of that, we also design two effective UWIE-oriented adversarial attack methods, Pixel Attack and Color Shift Attack targeting different color spaces. The results show that five models exhibit varying degrees of vulnerability to adversarial attacks and well-designed small perturbations on degraded images are capable of preventing UWIE models from generating enhanced results. In addition, we conduct adversarial training on these models and successfully mitigated the effectiveness of adversarial attacks. In summary, we reveal the adversarial vulnerability of UWIE models and propose a new evaluation dimension of UWIE models.",title_abstract,,,
10.1109/CVPR52688.2022.00592,5,Towards Robust Rain Removal Against Adversarial Attacks: A Comprehensive Benchmark Analysis and Beyond,2022,"Rain removal aims to remove rain streaks from images/videos and reduce the disruptive effects caused by rain. It not only enhances image/video visibility but also allows many computer vision algorithms to function properly. This paper makes the first attempt to conduct a comprehensive study on the robustness of deep learning-based rain removal methods against adversarial attacks. Our study shows that, when the image/video is highly degraded, rain removal methods are more vulnerable to the adversarial attacks as small distortions/perturbations become less noticeable or detectable. In this paper, we first present a comprehensive empirical evaluation of various methods at different levels of attacks and with various losses/targets to generate the perturbations from the perspective of human perception and machine analysis tasks. A systematic evaluation of key modules in existing methods is performed in terms of their robustness against adversarial attacks. From the insights of our analysis, we construct a more robust deraining method by integrating these effective modules. Finally, we examine various types of adversarial attacks that are specific to deraining problems and their effects on both human and machine vision tasks, including 1) rain region attacks, adding perturbations only in the rain regions to make the perturbations in the attacked rain images less visible; 2) object-sensitive attacks, adding perturbations only in regions near the given objects. Code is available at https://github.com/yuyi-sd/Robust_Rain_Removal.",title_abstract,,,
10.1109/WNYISPW60588.2023.10349631,5,Robust Bayesian Vision Transformer for Image Analysis and Classification,2023,"The tremendous success of the Transformer neural networks in natural language processing (NLP) boosts the interest in integrating and applying Transformer models to computer vision applications. The Vision Transformer (ViT) model adeptly captures extensive inter-dependencies among input sequences by employing the self-attention mechanism, thereby transforming picture data into semantically significant representations. In recent times, ViT has demonstrated superior performance in image classification tasks by implementing the transformer architecture, surpassing the capabilities of convolutional neural networks. Nevertheless, these deterministic architectures cannot evaluate the uncertainty associated with predictions, a crucial aspect in divergent and noisy situations. In order to guarantee the effectiveness and reliability of ViT in critical applications, the Bayesian Inference facilitates the process of making probabilistic predictions. Estimating the Bayesian posterior distribution of the network parameters enables a systematic method for reasoning about predictive uncertainty. The major difficulty in this process lies in propagating the posterior distribution through numerous non-linear layers of ViT architecture, which is mathematically cumbersome. In this paper, we propose a Bayesian Vision Transformer (Bayes-ViT) model, which seeks to make predictions as well as quantify the uncertainty associated with the output decision. The variational optimization approximates the posterior distribution over the unknown model parameters by minimizing the evidence lower bound (ELBO) loss function. The variational moments are propagated through the sequential, non-linear layers of Bayes-ViT by employing the first-order Taylor approximation. The covariance matrix of the predictive distribution effectively manifests the uncertainty associated with the output prediction. Extensive experiments on benchmark datasets (MNIST and Fashion-MNIST) exhibit (1) the superior robustness against noise and adversarial attacks compared to the deterministic ViT and (2) the self-evaluation ability based on the prediction uncertainty that becomes more evident when noise levels increase.",title_abstract,,,
10.1109/JBHI.2025.3591737,6,Interpretable AI Framework for Secure and Reliable Medical Image Analysis in IoMT Systems,2026,"The integration of artificial intelligence (AI) into medical image analysis has transformed healthcare, offering unprecedented precision in diagnosis, treatment planning, and disease monitoring. However, its adoption within the Internet of Medical Things (IoMT) raises significant challenges related to transparency, trustworthiness, and security. This paper introduces a novel Explainable AI (XAI) framework tailored for Medical Cyber-Physical Systems (MCPS), addressing these challenges by combining deep neural networks with symbolic knowledge reasoning to deliver clinically interpretable insights. The framework incorporates an Enhanced Dynamic Confidence-Weighted Attention (Enhanced DCWA) mechanism, which improves interpretability and robustness by dynamically refining attention maps through adaptive normalization and multi-level confidence weighting. Additionally, a Resilient Observability and Detection Engine (RODE) leverages sparse observability principles to detect and mitigate adversarial threats, ensuring reliable performance in dynamic IoMT environments. Evaluations conducted on benchmark datasets, including CheXpert, RSNA Pneumonia Detection Challenge, and NIH Chest X-ray Dataset, demonstrate significant advancements in classification accuracy, adversarial robustness, and explainability. The framework achieves a 15% increase in lesion classification accuracy, a 30% reduction in robustness loss, and a 20% improvement in the Explainability Index compared to state-of-the-art methods.",title_abstract,,,
10.1109/TGRS.2023.3250450,6,A New Context-Aware Framework for Defending Against Adversarial Attacks in Hyperspectral Image Classification,2023,"Deep neural networks play a significant role in hyperspectral image (HSI) processing, yet they can be easily fooled when trained with adversarial samples (generated by adding tiny perturbations to clean samples). These perturbations are invisible to the human eye, but can easily lead to misclassification by the deep learning model. Recent research on defense against adversarial samples in HSI classification has improved the robustness of deep networks by exploiting global contextual information. However, available methods do not distinguish between different classes of contextual information, which makes the global context unreliable and increases the success rate of attacks. To solve this problem, we propose a robust context-aware network able to defend against adversarial samples in HSI classification. The proposed model generates a global contextual representation by aggregating the features learned via dilated convolution, and then explicitly models intraclass and interclass contextual information by constructing a class context-aware learning module (including affinity loss) to further refine the global context. The module helps pixels obtain more reliable long-range dependencies and improves the overall robustness of the model against adversarial attacks. Experiments on several benchmark HSI datasets demonstrate that the proposed method is more robust and exhibits better generalization than other advanced techniques.",title_abstract,,,
10.1109/CVPRW56347.2022.00027,8,AugLy: Data Augmentations for Adversarial Robustness,2022,"We introduce AugLy, a data augmentation library with a focus on adversarial robustness. AugLy provides a wide array of augmentations for multiple modalities (audio, image, text, & video). These augmentations were inspired by those that real users perform on social media platforms, some of which were not already supported by existing data augmentation libraries. AugLy can be used for any purpose where data augmentations are useful, but it is particularly well-suited for evaluating robustness and systematically generating adversarial attacks. In this paper we present how AugLy works, benchmark it against existing libraries, and use it to evaluate the robustness of various state-of-the-art models to showcase AugLy’s utility. We found that models trained using a wider variety of augmentations were indeed more robust to AugLy augmentations, which validates the hypothesis that training on augmented data improves robustness against adversarial attacks. The AugLy repository can be found at https://github.com/facebookresearch/AugLy.",title_abstract,,,
10.1109/ICIVP66296.2025.00013,7,Robustness Assessment of Defect Detection Models for Power Equipment,2025,"Image classification models often have the problem of insufficient robustness under adversarial attacks. At present, the systematic research and evaluation of the robustness of image classification models under power defect detection scenarios are still insufficient, so a comprehensive robustness evaluation framework is proposed, based on the requirements of power equipment defect detection scenarios, combining 19 adversarial attack methods and 8 types of evaluation indexes after screening, and fusing multi-dimensional indexes through entropy weighting to generate a unified score. A unified score is generated, and the traditional convolutional neural network and the model based on the attention mechanism are selected for experiments. The experimental results verify the effectiveness of the evaluation framework and show that the ViT model has a significantly higher robustness score than the traditional convolutional model due to the ability of the self-attention mechanism to capture the global features, while the number of parameters and the model structure design also have a significant impact on the robustness. The evaluation framework can provide assistance and reference for model selection and robustness optimization in power scenarios.",title_abstract,,,
10.1109/ACCESS.2022.3153036,6,RAILS: A Robust Adversarial Immune-Inspired Learning System,2022,"Adversarial attacks against deep neural networks (DNNs) are continuously evolving, requiring increasingly powerful defense strategies. We develop a novel adversarial defense framework inspired by the adaptive immune system: the Robust Adversarial Immune-inspired Learning System (RAILS). Initializing a population of exemplars that is balanced across classes, RAILS starts from a uniform label distribution that encourages diversity and uses an evolutionary optimization process to adaptively adjust the predictive label distribution in a manner that emulates the way the natural immune system recognizes novel pathogens. RAILS’ evolutionary optimization process explicitly captures the tradeoff between robustness (diversity) and accuracy (specificity) of the network, and represents a new immune-inspired perspective on adversarial learning. The benefits of RAILS are empirically demonstrated under eight types of adversarial attacks on a DNN adversarial image classifier for several benchmark datasets, including: MNIST; SVHN; CIFAR-10; and CIFAR-10. We find that PGD is the most damaging attack strategy and that for this attack RAILS is significantly more robust than other methods, achieving improvements in adversarial robustness by $\geq 5.62\%, 12.5\%$ , 10.32%, and 8.39%, on these respective datasets, without appreciable loss of classification accuracy. Codes for the results in this paper are available at https://github.com/wangren09/RAILS.",title_abstract,,,
10.1109/TIFS.2026.3729511,7,3DGAA: Realistic and Robust 3D Gaussian-Based Adversarial Attack for Autonomous Driving,2026,"Camera-based perception in connected and autonomous vehicles remains exposed to physical adversarial attacks. Prior attacks often either optimize image-plane textures, weakening cross-view consistency, or rely on shape modifications that are difficult to fabricate and deploy. Both cases limit their value for security and safety assessment of camera-based perception. This paper introduces a fabrication-first framework that learns view-consistent, geometry-preserving adversarial wraps for vehicles. The method performs three-dimensional multi-view optimization with a 3D Gaussian splatting surrogate to enforce consistency under an expectation over viewpoint, illumination, and occlusion, while the final artifact is constrained to print-only textures that keep vehicle geometry unchanged. We evaluate the framework through matched CARLA simulations, controlled miniature-vehicle physical evidence, and tests on multiple modern detectors. The wraps produce substantial and stable reductions in detection confidence and average precision across views while maintaining perceptual realism. Ablation studies isolate the effects of physical filtering, physical augmentation, and shape-consistency regularization, while efficiency analyses report convergence time and memory profiles. Additional experiments report ASR, mIoU-based segmentation degradation, cross-detector transfer against physical attack baselines, perturbation-area fairness diagnostics, and robustness under common input preprocessing defenses. By coupling three-dimensional optimization with a geometry-preserving realization, the study supports a practical pathway to systematically stress-test camera perception in safety-critical autonomous driving systems and provides evidence that can inform defense design and evaluation protocols in information forensics and security.",title_abstract,,,
10.1109/ICCV48922.2021.00723,6,Unsupervised Segmentation incorporating Shape Prior via Generative Adversarial Networks,2021,"We present an image segmentation algorithm that is developed in an unsupervised deep learning framework. The delineation of object boundaries often fails due to the nuisance factors such as illumination changes and occlusions. Thus, we initially propose an unsupervised image decomposition algorithm to obtain an intrinsic representation that is robust with respect to undesirable bias fields based on a multiplicative image model. The obtained intrinsic image is subsequently provided to an unsupervised segmentation procedure that is developed based on a piecewise smooth model. The segmentation model is further designed to incorporate a geometric constraint imposed in the generative adversarial network framework where the discrepancy between the distribution of partitioning functions and the distribution of prior shapes is minimized. We demonstrate the effectiveness and robustness of the proposed algorithm in particular with bias fields and occlusions using simple yet illustrative synthetic examples and a benchmark dataset for image segmentation.",title_abstract,,,
10.1109/AIPMV67185.2025.11290412,6,Physics-Guided Multi-Scale Adversarial Learning for Hardware-Efficient Low-Light Image Enhancement,2025,"Low-light image degradation—manifested as poor contrast, amplified noise, and color distortion—remains a pressing challenge in computer vision. This study proposes a novel framework that integrates physics-guided Retinex decomposition, multi-scale feature fusion, adversarial training, and GPU-based acceleration to enhance low-light images efficiently and robustly. The method employs Gaussian pyramids for spatial feature integration and adversarial examples during training to improve generalization. Evaluations on six benchmark datasets (LOL, LIME, MEF, DICM, HDR, NEP) show that the proposed approach achieves state-of-the-art performance, with a PSNR of 23.02 and SSIM of 0.867 on LOL, and the lowest NIQE (3.320) across all comparisons. Additionally, GPU acceleration yields a 5–7% speed improvement, supporting real-time applicability. These results confirm the framework’s capability to balance visual quality, robustness, and computational efficiency, making it suitable for embedded and mobile vision systems.",title_abstract,,,
10.1109/TASE.2026.3733131,8,Transferable Unrestricted Attacks via Holistic Inversion and Implicit Cross-Attention Regularization,2026,"Pre-trained vision backbones, which are widely reused in automation and embodied perception systems, may be vulnerable to transfer-based adversarial attacks. A persistent challenge is to achieve strong transferability while preserving high perceptual fidelity of the adversarial examples. This work presents the Holistic and Detail-based Implicit Adversarial Attack (HDIAdv), an unrestricted attack framework built on a pre-trained text-to-image diffusion model to better balance these objectives. HDIAdv adopts a two-stage design. First, a holistic inversion module predicts an image-specific conditioning representation by estimating a placeholder-token embedding, which anchors diffusion sampling to the source content for high-fidelity generation. Second, an implicit cross-attention regularizer minimizes the spatial variance of U-Net cross-attention maps, discouraging excessive spatial concentration of placeholder-token attention during latent optimization. Experiments on an ImageNet-compatible benchmark evaluate both attack effectiveness and perceptual quality using Top-1 accuracy, FID, and LPIPS. Under the adopted evaluation protocol, HDIAdv achieves a favorable transferability-fidelity trade-off across diverse victim architectures and representative defense settings. Note to Practitioners—Perception pipelines in automation and embodied systems often reuse ImageNet-pretrained backbones, yet visually plausible adversarial inputs may transfer across architectures and remain effective after representative defenses. Our results indicate that robustness evaluations based only on small pixel-bounded perturbations may underestimate risks from unrestricted generative attacks. Practitioners should therefore include perceptually realistic, cross-model, and defense-aware stress tests when validating perception modules. The present evidence is limited to ImageNet-compatible classification and should not be interpreted as end-to-end validation of closed-loop robotic systems.",title_abstract,,,
10.1109/ICDM65498.2025.00141,5,FAP: A Foveation-Inspired Adversarial Purification Pipeline for Enhancing Robustness in Mammography Classification,2025,"Deep learning models for medical image analysis demonstrate remarkable diagnostic accuracy but remain highly vulnerable to adversarial perturbations. To address this challenge, we introduce Foveated Adversarial Purification (FAP), a biologically inspired preprocessing pipeline that integrates three core innovations. First, FAP employs eccentricity-adaptive separable Gaussian blurring, where kernel size dynamically adjusts with lesion morphology. This approach mimics the human fovea's acuity gradient, preserves high-frequency details around lesions while suppressing peripheral noise, and reduces GPU memory usage by 40% compared to conventional 2D filtering. Second, FAP introduces gradient-guided fixation sampling with sigmoid-clustered probability, which prioritizes lesion-dense regions consistent with radiologists' diagnostic scanpaths. This mechanism achieves 82% overlap with radiologist-annotated regions of interest, ensuring that preprocessing aligns with clinical saliency rather than arbitrary regions. Third, FAP implements lesion-aware adversarial training, where binary spatial masks confine perturbations to non-diagnostic regions. This preserves lesion fidelity while hardening the classifier against attacks, yielding a certified ℓ2 radius of 1.12, exceeding prior defenses. Evaluated across three mammography datasets, FAP achieves substantial robustness improvements: +20.03% absolute accuracy on CMMD (coarse tumors), +16.39% on BREAST (mixed lesions), and maintains baseline performance on CBIS-DDSM (microcalcifications). By aligning computational robustness with biological vision strategies, FAP establishes a clinically interpretable and computationally efficient framework for adversarial defense in medical imaging. The implementation is released in our GitHub repository11https://github.com/ghazallalooha/FAP.",title_abstract,,,
10.1109/ISDFS69419.2026.11459083,5,Evaluating the Vulnerability of Deepfake Image Detection Models to Adversarial Manipulations,2026,"Deepfake image detection systems have achieved very high accuracy on widely used benchmark datasets. However, their reliability under adversarial manipulation and dataset shift remains unclear. In real-world deployment, detectors may encounter adversarially perturbed inputs or data from unseen distributions, where standard evaluation results may not reflect true robustness. This work presents a systematic evaluation of deepfake image detectors under adversarial and cross-dataset conditions. We evaluate five representative model architectures spanning convolutional and transformer-based designs across multiple training and testing configurations. Adversarial examples are generated using an iterative gradient-based attack. Experiments are conducted on CelebA and RealVsFake datasets, with additional cross-dataset evaluation using FaceForensics++. Our results show that while all models achieve near-perfect performance when training and testing data distributions match, performance degrades sharply when evaluated on adversarially attacked images or unseen datasets. Incorporating adversarially perturbed samples during training significantly improves robustness. However, such robustness does not consistently transfer across datasets. These findings demonstrate that high indistribution accuracy alone is insufficient for assessing real-world deepfake detection performance and highlight the need for robustness-aware evaluation protocols.",title_abstract,,,
10.1109/PerComWorkshops56833.2023.10150396,6,PADAAV: Enhancing Perception Systems using GAN-generated Adversarial Augmented Domains for Autonomous Vehicles,2023,"In the field of autonomous vehicles (AV), it is crucial for the perceptual systems of the AVs to learn inter-domain adaptations in the absence of paired examples for detecting vehicular instances in unstructured real-world scenarios. One straightforward approach is to train the models directly on labeled synthetic datasets. However, this approach usually fails to achieve generality, owing to the domain bias between the real and fake databases of images. We therefore, propose a novel architecture that produces synthetic images based on cycle consistency, in the absence of labeled pair of images. We test the object detectors Detectron and SSD on four types of curated benchmark datasets to evaluate their robustness in detecting objects such as cars, bikes, and pedestrians on road. The four benchmark datasets contain a diversified set of image corruptions and a few variations are built using the proposed framework such as weather variations. The four datasets are PASCAL VOC and SYNTHIA dataset images, weather-translated images, variation-augmented images, and stylized renderings using Adain style transfer. After conducting extensive investigations, we observe a decreased classification loss when exposed to variable image quality. We also witness that augmenting the training datasets with variations in the wild aided in boosting the generalizing capability of the object detectors. The boost in performance is testified by the testing results showing better mAP.",title_abstract,,,
10.1109/CVPR.2018.00357,5,Defense Against Universal Adversarial Perturbations,2018,"Recent advances in Deep Learning show the existence of image-agnostic quasi-imperceptible perturbations that when applied to 'any' image can fool a state-of-the-art network classifier to change its prediction about the image label. These 'Universal Adversarial Perturbations' pose a serious threat to the success of Deep Learning in practice. We present the first dedicated framework to effectively defend the networks against such perturbations. Our approach learns a Perturbation Rectifying Network (PRN) as 'pre-input' layers to a targeted model, such that the targeted model needs no modification. The PRN is learned from real and synthetic image-agnostic perturbations, where an efficient method to compute the latter is also proposed. A perturbation detector is separately trained on the Discrete Cosine Transform of the input-output difference of the PRN. A query image is first passed through the PRN and verified by the detector. If a perturbation is detected, the output of the PRN is used for label prediction instead of the actual image. A rigorous evaluation shows that our framework can defend the network classifiers against unseen adversarial perturbations in the real-world scenarios with up to 97.5% success rate. The PRN also generalizes well in the sense that training for one targeted network defends another network with a comparable success rate.",title_abstract,,,
10.1109/ICCCMLA66092.2025.11580436,5,CrossGuard-VLM: A Robust Defense Framework for Vision-Language Models Against Multimodal Threats,2025,"Vision-language models (VLMs) incorporate visual and textual information to facilitate various multimodal applications, but they are highly susceptible to image-based indirect prompt injection attacks involving adversarial perturbations, semantic mismatches, and steganographic embedding. Existing defense approaches, designed mainly for text-based models, do not effectively address these risks. To overcome this gap, we propose CrossGuard-VLM, a hybrid defense framework integrating input filtering, semantic alignment verification, anomaly-based adversarial detection, and steganography analysis. The design uses CLIP for semantic validation, a VGG16 AutoEncoder with Isolation Forest for perturbation detection, and a CNN–Random Forest hybrid for steganography detection. Mitigation is then carried out using methods like color quantization and Gaussian blurring, with audit logging ensuring transparency. Through experimental evaluation, our CrossGuard-VLM is successful in detecting and mitigating such threats that guarantees robustness, offering a practical foundation for secure multimodal systems.",title_abstract,,,
10.1109/BigData62323.2024.10825950,5,Enhancing Fairness in Medical Image Classification: A Comparative Study of Convolutional Neural Networks and Adversarial Learning,2024,"Machine learning models have become increasingly prevalent in medical diagnosis and healthcare applications, yet these models often exhibit significant biases. This study investigates whether adversarial learning can effectively mitigate such biases and improve fairness in healthcare models. We compare a standard convolutional neural network (CNN) model with an adversarial learning approach on two datasets: the Diverse Dermatology Images Dataset (DDI), which includes demographic annotations, and the MNIST: HAM10000 dataset, which lacks such annotations. The adversarial learning framework incorporates a secondary model designed to challenge the primary model’s predictions based on sensitive attributes such as race and gender. By evaluating model performance and bias reduction across these datasets, we aim to determine the efficacy of adversarial learning in promoting more equitable outcomes. Our experiments reveal that while the CNNs exhibit varying levels of accuracy across datasets, adversarial learning significantly improves model performance and reduces racial bias. Specifically, the adversarial model outperforms the standard CNN in both datasets, achieving higher accuracy and demonstrating enhanced robustness against biases. This study underscores the potential of adversarial learning to foster more equitable machine learning models in healthcare for more optimized bias mitigation techniques and comprehensive fairness evaluation.",title_abstract,,,
10.1109/GAIIS69281.2026.11519141,6,Generative Deep Learning-Based Object Detection for Secure Image Processing Applications,2026,"Object detection plays a crucial role in secure image processing applications such as intelligent surveillance, traffic monitoring, and safety inspection. However, traditional deep learning-based detection models often suffer from limited training data, complex environmental conditions, and insufficient robustness against noise or perturbations. To address these challenges, this paper proposes a generative deep learning-based object detection framework for secure image processing applications. The proposed approach integrates a generative adversarial network for data augmentation, an enhanced feature detection network with attention mechanisms, and a robust training strategy to improve detection accuracy and stability. The generative module produces synthetic samples to expand the training dataset and enhance data diversity, while the detection network extracts discriminative features for more accurate object localization and classification. Extensive experiments conducted on benchmark datasets demonstrate that the proposed method outperforms several representative detection models in terms of precision, recall, and inference efficiency, showing strong potential for reliable and secure object detection systems.",title_abstract,,,
10.1109/TPAMI.2026.3659598,6,NAP-Tuning: Neural Augmented Prompt Tuning for Adversarially Robust Vision-Language Models,2026,"Vision-Language Models (VLMs) such as CLIP have demonstrated remarkable capabilities in understanding relationships between visual and textual data through joint embedding spaces. Despite their effectiveness, these models remain vulnerable to adversarial attacks, particularly in the image modality, posing significant security concerns. Building upon our previous work on Adversarial Prompt Tuning (AdvPT), which introduced learnable text prompts to enhance adversarial robustness in VLMs without extensive parameter training, we present a significant extension by introducing the Neural Augmentor framework for Multi-modal Adversarial Prompt Tuning (NAP-Tuning). As a significant extension, NAP-Tuning first establishes a comprehensive multi-modal (text and visual) and multi-layer prompting framework. The core of this framework is a targeted structural augmentation for feature-level purification, implemented through our Neural Augmentor approach. This framework implements feature purification by incorporating TokenRefiners—lightweight neural modules that learn to reconstruct purified features via residual connections—to directly address distortions in the feature space. This structural intervention is what enables the multi-modal and multi-layer system to effectively perform modality-specific and layer-specific feature rectification. Comprehensive experiments demonstrate that NAP-Tuning significantly outperforms existing methods across various datasets and attack types. Notably, our approach shows significant improvements over the strongest baselines under the challenging AutoAttack benchmark, outperforming them by 32.3% on ViT-B16 and 31.3% on ViT-B32 architectures while maintaining competitive clean accuracy. This work highlights the efficacy of internal feature-level intervention in prompt tuning for adversarial robustness, moving beyond input-side alignment approaches to create an adaptive defense mechanism that can identify and rectify adversarial perturbations across embedding spaces.",title_abstract,,,
10.1109/ACCESS.2026.3727526,8,Countering the Evolution of Forgery: Detecting Generative Handwriting Synthesis via Hybrid Architecture and Boundary-Aware Perturbation Learning,2026,"AI-generated handwriting poses a growing threat to cybersecurity. It enables anonymous synthetic scripts to bypass existing verification systems, potentially compromising legal, financial, and administrative workflows. However, detection remains challenging due to the extreme information sparsity and localized sub-pixel stroke artifacts of synthetic handwriting. Existing frameworks often rely heavily on global image features, which leads to high computational overhead and poor robustness against noise or adversarial perturbations when processing sparse handwriting data. To fill this research gap, we propose a Texture-semantic Discriminator (TSD) that integrates hybrid CNN-Transformer features for classification, while extracting tri-scale intermediate embeddings to facilitate regularized adversarial augmentation. To further enhance robustness, we propose the Boundary-Aware Deformation Network (BAD-Net) to adaptively perturb these representations toward the decision boundary, forcing the model to distill more invariant and discriminative features. In addition, we construct a comprehensive benchmark dataset containing over 110,000 word-level images generated by 13 state-of-the-art synthesis models to facilitate rigorous evaluation. Evaluations against six state-of-the-art methods across public and proposed datasets demonstrate that our framework achieves SOTA performance in both inference speed and detection accuracy, particularly excelling in robustness on challenging samples. This establishes a robust and real-time solution for authenticating digitized handwriting in the generative AI era.",title_abstract,,,
10.1109/ACCESS.2025.3561717,6,Driver Drowsiness Detection Using Swin Transformer and Diffusion Models for Robust Image Denoising,2025,"With the rapid development of intelligent transportation systems and growing emphasis on driver safety, real-time detection of driver drowsiness has become a critical area of research. This study presents a robust and scalable driver drowsiness detection framework that integrates a Swin Transformer-based deep learning model with a diffusion model for image denoising. While conventional convolutional neural networks (CNNs) are effective in standard vision tasks, they often suffer performance degradation in real-world driving scenarios due to noise, poor lighting, motion blur, and adversarial attacks. To address these challenges, the proposed model focuses on eye-state detection, specifically, prolonged eye closure, as a primary indicator of driver disengagement and fatigue. Our system introduces a novel preprocessing stage using a denoising diffusion model built on a U-Net encoder-decoder architecture, effectively mitigating the impact of Gaussian noise and adversarial perturbations. Additionally, we incorporate adversarial training with Fast Gradient Sign Method (FGSM) and Projected Gradient Descent (PGD) attacks, demonstrating significant improvements in classification accuracy and resilience. Evaluations are conducted on two benchmark datasets, Eye-Blink and Closed Eyes in the Wild (CEW), under both clean and noisy conditions. Comparative experiments show that the proposed system outperforms several state-of-the-art models, including ViT, ResNet50V2, InceptionV3, MobileNet, DenseNet169, and VGG19, in terms of accuracy (up to 99.82%), PSNR (up to 41.61 dB), and SSIM (up to 0.984), while maintaining competitive inference times suitable for practical deployment. Moreover, a detailed sensitivity analysis of data augmentation strategies reveals that techniques such as rotation and horizontal flip substantially enhance the model’s generalization across variable visual inputs. The system also demonstrates improved robustness under real-world black-box scenarios and adversarial conditions. While this study primarily targets static image datasets, preliminary evaluations on dynamic video frames suggest potential for real-time monitoring applications. Overall, this research delivers a high-performing driver monitoring system capable of real-time drowsiness detection, even under adverse visual conditions. It lays a strong foundation for future extensions, including temporal modeling, real-time deployment, and multimodal integration (e.g., combining visual input with physiological signals such as EEG and heart rate) to further enhance driver safety and awareness in smart vehicles.",title_abstract,,,
10.1109/ICRITO66076.2025.11241973,5,AI-Based Image Forgery Detection (AI-IFD),2025,"Digital image manipulation has reached unprecedented sophistication with the advent of generative adversarial networks (GANs) and diffusion models, creating significant challenges for digital forensics and media verification. This paper presents AI-IFD (AI-based Image Forgery Detection), a novel multi-domain ensemble framework that combines spatial, frequency, and error-level analysis through attention-guided fusion mechanisms. Our approach integrates ResNet-50, VGG-16, EfficientNet-B0, and a custom JPEG-aware convolutional neural network using Bayesian-optimized soft weighting strategies. Enhanced with a four-layer Vision Transformer (ViT) neck for global context modeling, the system achieves robust detection capabilities while maintaining real-time processing speeds. Comprehensive evaluation on FaceForensics++, DFDC, CelebDF, and a custom 38k-image dataset demonstrates superior performance with $\text{9 0. 8 \%}$ accuracy, $\text{0. 9 5 2}$ AUC-ROC, and $\text{1 8. 1 m s}$ inference time on $224 \times 224$ images. The framework exhibits exceptional adversarial robustness, maintaining 72.3 % accuracy under FGSM attacks and 55.6 % under PGD attacks, representing significant improvements over existing approaches. These results validate multi-domain fusion coupled with attention mechanisms as a promising direction for real-time, adversary-aware image forgery detection.",title_abstract,,,
10.1109/CVPR52734.2025.02213,6,STEREO: A Two-Stage Framework for Adversarially Robust Concept Erasing from Text-to-Image Diffusion Models,2025,"The rapid proliferation of large-scale text-to-image diffusion (T2ID) models has raised serious concerns about their potential misuse in generating harmful content. Although numerous methods have been proposed for erasing undesired concepts from T2ID models, they often provide a false sense of security; concept-erased models (CEMs) can still be manipulated via adversarial attacks to regenerate the erased concept. While a few robust concept erasure methods based on adversarial training have emerged recently, they compromise on utility (generation quality for benign concepts) to achieve robustness and/or remain vulnerable to advanced embedding space attacks. These limitations stem from the failure of robust CEMs to thoroughly search for ""blind spots"" in the embedding space. To bridge this gap, we propose STEREO, a novel two-stage framework that employs adversarial training as a first step rather than the only step for robust concept erasure. In the first stage, STEREO employs adversarial training as a vulnerability identification mechanism to search thoroughly enough. In the second robustly erase once stage, STEREO introduces an anchor-concept-based compositional objective to robustly erase the target concept in a single fine-tuning stage, while minimizing the degradation of model utility. We benchmark STEREO against seven state-of-the-art concept erasure methods, demonstrating its superior robustness to both white-box and black-box attacks, while largely preserving utility.",title_abstract,,,
10.1109/CVPRW.2017.172,5,Simple Black-Box Adversarial Attacks on Deep Neural Networks,2017,"Deep neural networks are powerful and popular learning models that achieve state-of-the-art pattern recognition performance on many computer vision, speech, and language processing tasks. However, these networks have also been shown susceptible to crafted adversarial perturbations which force misclassification of the inputs. Adversarial examples enable adversaries to subvert the expected system behavior leading to undesired consequences and could pose a security risk when these systems are deployed in the real world. In this work, we focus on deep convolutional neural networks and demonstrate that adversaries can easily craft adversarial examples even without any internal knowledge of the target network. Our attacks treat the network as an oracle (black-box) and only assume that the output of the network can be observed on the probed inputs. Our attacks utilize a novel local-search based technique to construct numerical approximation to the network gradient, which is then carefully used to construct a small set of pixels in an image to perturb. We demonstrate how this underlying idea can be adapted to achieve several strong notions of misclassification. The simplicity and effectiveness of our proposed schemes mean that they could serve as a litmus test for designing robust networks.",title_abstract,,,
10.1109/JBHI.2025.3584721,5,Robust Multi-Contrast MRI Medical Image Translation via Knowledge Distillation and Adversarial Attack,2025,"Medical image translation is of great value but is very difficult due to the requirement with style change of noise pattern and anatomy invariance of image content. Various deep learning methods like the mainstream GAN, Transformer and Diffusion models have been developed to learn the multi-modal mapping to obtain the translated images, but the results from the generator are still far from being perfect for medical images. In this paper, we propose a robust multi-contrast translation framework for MRI medical images with knowledge distillation and adversarial attack, which can be integrated with any generator. The additional refinement network consists of teacher and student modules with similar structures but different inputs. Unlike the existing knowledge distillation works, our teacher module is designed as a registration network with more inputs to better learn the noise distribution well and further refine the translated results in the training stage. The knowledge is then well distilled to the student module to ensure that better translation results are generated. We also introduce an adversarial attack module before the generator. Such a black-box attacker can generate meaningful perturbations and adversarial examples throughout the training process. Our model has been tested on two public MRI medical image datasets considering different types and levels of perturbations, and each designed module is verified by the ablation study. The extensive experiments and comparison with SOTA methods have strongly demonstrated our model’s superiority of refinement and robustness.",title_abstract,,,
10.1109/TIP.2025.3594068,7,DA3Attacker: A Diffusion-Based Attacker Against Aesthetics-Oriented Black-Box Models,2025,"The adage “Beautiful Outside But Ugly Inside” resonates with the security and explainability challenges encountered in image aesthetics assessment (IAA). Although deep neural networks (DNNs) have demonstrated remarkable performance in various IAA tasks, how to probe, explain, and enhance aesthetics-oriented “black-box” models has not yet been investigated to our knowledge. This lack of investigation has significantly impeded the commercial application of IAA. In this paper, we investigate the susceptibility of current IAA models to adversarial attacks and aim to elucidate the underlying mechanisms that contribute to their vulnerabilities. To address this, we propose a novel diffusion-based framework as an attacker (DA3Attacker), capable of generating adversarial examples (AEs) to deceive diverse black-box IAA models. DA3Attacker employs a dedicated Attack Diffusion Transformer, equipped with modular aesthetics-oriented filters. By undergoing two unsupervised training stages, it constructs a latent space to generate AEs and facilitates two distinct yet controllable attack modes: restricted and unrestricted. Extensive experiments on 26 baseline models demonstrate that our method effectively explores the vulnerabilities of these IAA models, while also providing multi-attribute explanations for their feature dependencies. To facilitate further research, we contribute the evaluation tools and four metrics for measuring adversarial robustness, as well as a dataset of 60,000 re-labeled AEs for fine-tuning IAA models. The resources are available here.",title_abstract,,,
10.1109/MASS66014.2025.00084,6,Mitigating Adversarial Attacks in Object Detection using Multi-Modal Fusion in Autonomous Vehicles,2025,"Robust object detection in adverse weather conditions is critical for ensuring the safety and reliability of autonomous driving systems. In this work, we present a detailed study on the adversarial robustness of YOLO-based detectors using the RealDriveSim dataset, which includes foggy, rainy, and nighttime scenarios. We benchmark YOLOv9 and YOLOv10 under clean conditions and observe high performance, with YOLOv10 achieving a mean average precision (mAP) of 69.6%. To evaluate vulnerability, we introduce an adversarial patch optimized to suppress road object detections. After patch-based perturbation, mAP drops to 44.3%, highlighting the importance of a defense system. To counter this degradation, we propose a lightweight LiDAR-camera fusion framework that does not require model retraining or architectural changes. Our method projects 3D LiDAR point clouds into the 2D image plane using intrinsic and extrinsic calibration parameters and cross-validates each 2D detection by checking for supporting 3D LiDAR points within its bounding box with an inference time of only 7.2 ms. Our fusion strategy effectively filters adversarial false positives, leading to a recovery in mAP to 62.9%, without requiring model retraining or architectural changes. To the best of our knowledge, this is the first work to benchmark adversarial robustness and sensor-level fusion defense on the RealDriveSim dataset, setting a new standard for evaluating real-world physical attack resilience in autonomous perception.",title_abstract,,,
10.1109/ICCV51701.2025.01528,7,JailbreakDiffBench: A Comprehensive Benchmark for Jailbreaking Diffusion Models,2025,"Diffusion models are widely used in real-world applications, but ensuring their safety remains a major challenge. Despite many efforts to enhance the security of diffusion models, jailbreak and adversarial attacks can still bypass these defenses, generating harmful content. However, the lack of standardized evaluation makes it difficult to assess the robustness of diffusion model pipelines. To address this, we introduce JailbreakDiffBench, a comprehensive benchmark for systematically evaluating the safety of diffusion models against various attacks and under different defenses. Our benchmark includes a high-quality, humanannotated prompt and image dataset covering diverse attack scenarios. It consists of two key components: (1) an evaluation protocol to measure the effectiveness of moderation mechanisms and (2) an attack assessment module to benchmark adversarial jailbreak strategies. Through extensive experiments, we analyze existing filters and reveal critical weaknesses in current safety measures. JailbreakDiffBench is designed to support both text-to-image and text-to-video models, ensuring extensibility and reproducibility.",title_abstract,,,
10.21203/rs.3.rs-3961208/v1,5,A Frequency Domain Adversarial Attack in Medical Image Analysis System,2024,"Abstract Deep neural networks (CNNs) have gained popularity in medical image analysis tasks, such as cancer diagnosis and lesion detection. However, recent research has revealed that medical deep learning systems are vulnerable to adversarial examples. In this paper, We propose a novel attack method from a spatial-domain perspective, named TextureDrop. The method crafts adversarial examples by dropping the high-frequency components (HFC) of medical images, thus making the medical image classification model misclassified. Additionally, we have developed a training method for medical neural networks. Extensive experiments have demonstrated the effectiveness of our method, which is not only more destructive but also stealthy. Furthermore, our approach introduces a new assessment framework for evaluating the robustness of medical networks from a frequency-domain perspective.",title_abstract,,,
10.1016/j.imavis.2026.106232,5,A comprehensive study of cross-domain adversarial robustness and attack transferability in image-based malware detection and classification,2026,"Deep learning models have shown competitive performance on many computer vision tasks, including image-based malware detection and classification. However, evaluating adversarial robustness is critical for their application in real-world scenarios. In this paper, we propose a framework to analyze the adversarial robustness and attack transferability in image-based models for malware detection and classification. Specifically, we adopt a broad spectrum of image-domain attacks, ranging from Fast Gradient Sign Method (FGSM) to AutoAttack, to generate adversarial samples and evaluate the model performance drop and the attack success rate. Moreover, we investigate whether adversarial manipulations crafted in the binary domain remain effective after conversion to an image representation. We implement our framework on state-of-the-art models, providing a comprehensive evaluation of their adversarial robustness. Furthermore, we conduct generalization studies to analyze the capabilities of the adopted models under distribution shift. Experimental results reveal high model susceptibility to adversarial attacks, showing average attack success rate values of 64.6% and 98.8% for FGSM and AutoAttack, respectively, in the image domain. Furthermore, manipulations crafted in the binary domain remain effective upon transfer to the image domain, leading to accuracy drops up to 42%. To the best of our knowledge, this is the first work to compare a wide range of adversarial attacks on image-based malware models, analyzing the attack transferability from the binary to the image domain.",title_abstract,,,
10.31449/inf.v50i7.10877,5,SA-FGSM: A Simulated Annealing-Enhanced Hybrid White-Box Adversarial Attack Framework,2026,"The reliable evaluation of adversarial defenses is a critical challenge in deep learning security, often hindered by evaluation methods, such as Projected Gradient Descent (PGD), that can fail by getting trapped in local optima. This limitation can lead to a significant overestimation of a model’s true robustness. In this work, we introduce the Simulated Annealing-Fast Gradient Sign Method (SA-FGSM), a novel two-phase hybrid attack designed to overcome this specific weakness. SA-FGSM first employs Simulated Annealing to perform a global, stochastic exploration of the perturbation space to find promising attack regions, followed by a gradient-based step for finalization. We conduct a comprehensive evaluation on CIFAR-10 and CIFAR-100 against state-of-the-art adversarially trained models (ResNet-18 and WideResNet-28-10), showing that SA-FGSM achieves a mean attack success rate of 83.6% compared to 51.9% for a suite of strong baselines including FGSM, MI-FGSM, PGD, and APGD. Furthermore, we demonstrate that SA-FGSM finds qualitatively superior perturbations, evidenced by a statistically significant reduction in both average ℓ2 norm and perceptual distortion as measured by LPIPS (Learned Perceptual Image Patch Similarity), achieving 58.3% lower perceptual distance than gradient-based baselines. Analysis of the proposed attack variants identifies SA-FGSM-Swift as a particularly compelling option, offering state-of-the-art success rates at a fraction of the computational cost of stronger baselines. Our findings suggest that the robustness of even top-tier defenses may be overestimated and highlight the necessity of incorporating global search heuristics into standard evaluation protocols.",title_abstract,,,
10.3390/e28020193,5,A Spatially Distributed Perturbation Strategy with Smoothed Gradient Sign Method for Adversarial Analysis of Image Classification Systems,2026,"As deep learning models are increasingly embedded as critical components within complex socio-technical systems, understanding and evaluating their systemic robustness against adversarial perturbations has become a fundamental concern for system safety and reliability. Deep neural networks (DNNs) are highly effective in visual recognition tasks but remain vulnerable to adversarial perturbations, which can compromise their reliability in safety-critical applications. Existing attack methods often distribute perturbations uniformly across the input, ignoring the spatial heterogeneity of model sensitivity. In this work, we propose the Spatially Distributed Perturbation Strategy with Smoothed Gradient Sign Method (SD-SGSM), a adversarial attack framework that exploits decision-dependent regions to maximize attack effectiveness while minimizing perceptual distortion. SD-SGSM integrates three key components: (i) decision-dependent domain identification to localize critical features using a deterministic zero-out operator; (ii) spatially adaptive perturbation allocation to concentrate attack energy on sensitive regions while constraining background disturbance; and (iii) gradient smoothing via a hyperbolic tangent transformation to enable fine-grained and continuous perturbation updates. Extensive experiments on CIFAR-10 demonstrate that SD-SGSM achieves near-perfect attack success rates (ASR 99.9%) while substantially reducing ℓ2 distortion and preserving high structural similarity (SSIM 0.947), outperforming both single-step and momentum-based iterative attacks. Ablation studies further confirm that spatial distribution and gradient smoothing act as complementary mechanisms, jointly enhancing attack potency and visual fidelity. These findings underscore the importance of spatially aware, decision-dependent adversarial strategies for system-level robustness assessment and the secure design of AI-enabled systems.",title_abstract,,,
10.24963/ijcai.2022/851,5,CARBEN: Composite Adversarial Robustness Benchmark,2022,"Prior literature on adversarial attack methods has mainly focused on attacking with and defending against a single threat model, e.g., perturbations bounded in Lp ball. However, multiple threat models can be combined into composite perturbations. One such approach, composite adversarial attack (CAA), not only expands the perturbable space of the image, but also may be overlooked by current modes of robustness evaluation. This paper demonstrates how CAA's attack order affects the resulting image, and provides real-time inferences of different models, which will facilitate users' configuration of the parameters of the attack level and their rapid evaluation of model prediction. A leaderboard to benchmark adversarial robustness against CAA is also introduced.",title_abstract,,,
10.31219/osf.io/wqu5e,6,Novel Generative Adversarial Network with Enhanced Attention Mechanism for Robust Image Steganography,2025,"The evolution of steganography has been fueled by advancementsin machine learning, yet achieving an optimal balance between imperceptibility, robustness, and embedding capacity remains a challenge.This paper introduces an attention-enhanced generative adversarialnetwork (AGAN) framework for image steganography. By incorporating spatial attention modules into the generator and discriminatornetworks, the proposed method identifies and utilizes regions of thecover image that are less perceptible to human vision for embeddingsecret data. This strategy minimizes perceptual distortion while maximizing robustness against steganalysis and image processing operations. Additionally, a hybrid loss function is introduced, combiningadversarial, reconstruction, and attention-guided perceptual losses toensure high-quality stego-images and reliable data recovery. Experimental evaluations on benchmark datasets demonstrate that AGANoutperforms state-of-the-art techniques in Peak Signal-to-Noise Ratio(PSNR), Structural Similarity Index Measure (SSIM), and resistanceto advanced detection tools. This work not only advances the capabilities of GAN-based steganography but also underscores the potentialof attention mechanisms in secure digital communication.",title_abstract,,,
10.21203/rs.3.rs-4039149/v1,5,Robust Image Watermarking Based on Generative Adversarial Networks for Copyright Protection,2024,"Abstract Digital media is easy to be copied, which leads to a proliferation of copyright infringement. One proposed solution is digital watermarking technology, which is to embed message bits into multimedia carriers such as images and videos to prove the creator’s ownership of his work. Most recently, with the upsurge of convolutional neural network in the terms of artificial intelligence, deep learning has made great achievements in digital watermarking. In this work, we propose a new framework with robust image watermarking based on a generative adversarial network (RIW-GAN). With proposed method, the encoder network is composed of convolutional layers and a residual block outputs the encoded image that has low distortion and is closer to the original image. To enhance the robustness to attack of the model, a simulated noise layer as a differentiable network layer is applied to promote end-to-end training before decoding. Therefore, the proposed model has higher accuracy rate for decoding the attacked encoded image. In comparison to the state-of-the-art model, the experimental results demonstrate that RIW-GAN has superior invisibility and stronger robustness against regular attacks like JPEG compression and geometric attacks such as resizing and cropping.",title_abstract,,,
10.1016/j.softx.2024.101831,7,RobustCheck: A Python package for black-box robustness assessment of image classifiers,2024,"The robustness of computer vision models against adversarial attacks is a critical matter in machine learning that is often overlooked by researchers and developers. A contributing factor to this oversight is the complexity involved in assessing model robustness. This paper introduces RobustCheck , a Python package designed for evaluating the adversarial robustness of computer vision models. Utilizing black-box adversarial techniques, it allows for the assessment of model resilience without internal model access, reflecting real-world application constraints. RobustCheck is distinctive for its rapid integration into development workflows and its efficiency in robustness testing. The tool provides an essential resource for developers to enhance the security and reliability of computer vision systems.",title_abstract,,,
10.1609/aaai.v38i21.30579,6,"Robustness and Visual Explanation for Black Box Image, Video, and ECG Signal Classification with Reinforcement Learning",2024,"We present a generic Reinforcement Learning (RL) framework optimized for crafting adversarial attacks on different model types spanning from ECG signal analysis (1D), image classification (2D), and video classification (3D). The framework focuses on identifying sensitive regions and inducing misclassifications with minimal distortions and various distortion types. The novel RL method outperforms state-of-the-art methods for all three applications, proving its efficiency. Our RL approach produces superior localization masks, enhancing interpretability for image classification and ECG analysis models. For applications such as ECG analysis, our platform highlights critical ECG segments for clinicians while ensuring resilience against prevalent distortions. This comprehensive tool aims to bolster both resilience with adversarial training and transparency across varied applications and data types.",title_abstract,,,
https://doi.org/10.5281/zenodo.17607086,9,SCOOTER: A Human Evaluation Framework for Unrestricted Adversarial Examples,2025,"SCOOTER Evaluation and Dataset Creation Process Data This data collection contains the following information associated with our six initial SCOOTER studies: The real image baseline (ImageNet S-R50-N), containing 2966 ImageNet instances that we used to generate adversarial examples (AEs) Notes on how we processed the validation set images to generate ImageNet S-R50-N (see notes.txt and removed_or_modified.txt) All AEs generated within our six SCOOTER studies (see the directories semanticadv/, cadv/, ncf/, diffattack/, advpp/, and aca/) + the collected ratings per image (see the Salman2020Do_R50_annotations.csv file per directory) The ratings generated by GPT-4o (see 4o_ratings/) The predictions of our victim model for all ImageNet Validation set images that displayed exactly one ImageNet object (>39,000 images, see predictions_salman_clean.csv) The first four files are all contained in images_v1.0.0.zip, while the last file is stored separately. More information on how to process the information at hand is available at our GitHub repository: https://github.com/DrenFazlija/SCOOTER SCOOTER Data 1.0.1 The repository now includes an additional file called scooter_db_entries.zip, which contains SQL table data that can be directly used to set up the web app: modified.csv: All 6,924 generated modified images with their respective metadata (e.g., associated attack name and victim model) real.csv: All 2,966 ImageNet S-R50-N images with their respective metadata. atc.csv: All instruction manipulation check and bogus item images. ishihara.csv: All Ishihara-like images. cc.csv: All final comprehension check images. For more information about the web app, check out the dedicated section of our repository: https://github.com/DrenFazlija/SCOOTER/tree/main/ui SCOOTER Data 1.0.2 The repository now includes the previously missing annotation data for our AdvPP experiment (see advpp_annotations.csv). Please use the file to replace the empty Salman2020Do_R50_annotations.csv file in the advpp/ directory. Citation Please cite the original paper when using (parts of) our data: @misc{fazlija2025scooterhumanevaluationframework, title={SCOOTER: A Human Evaluation Framework for Unrestricted Adversarial Examples}, author={Dren Fazlija and Monty-Maximilian Zühlke and Johanna Schrader and Arkadij Orlov and Clara Stein and Iyiola E. Olatunji and Daniel Kudenko}, year={2025}, eprint={2507.07776}, archivePrefix={arXiv}, primaryClass={cs.CV}, url={https://arxiv.org/abs/2507.07776}, }",title_abstract,,,
https://doi.org/10.48550/arxiv.2507.07776,12,SCOOTER: A Human Evaluation Framework for Unrestricted Adversarial Examples,2025,"SCOOTER Evaluation and Dataset Creation Process Data This data collection contains the following information associated with our six initial SCOOTER studies: The real image baseline (ImageNet S-R50-N), containing 2966 ImageNet instances that we used to generate adversarial examples (AEs) Notes on how we processed the validation set images to generate ImageNet S-R50-N (see notes.txt and removed_or_modified.txt) All AEs generated within our six SCOOTER studies (see the directories semanticadv/, cadv/, ncf/, diffattack/, advpp/, and aca/) + the collected ratings per image (see the Salman2020Do_R50_annotations.csv file per directory) The ratings generated by GPT-4o (see 4o_ratings/) The predictions of our victim model for all ImageNet Validation set images that displayed exactly one ImageNet object (>39,000 images, see predictions_salman_clean.csv) The first four files are all contained in images_v1.0.0.zip, while the last file is stored separately. More information on how to process the information at hand is available at our GitHub repository: https://github.com/DrenFazlija/SCOOTER SCOOTER Data 1.0.1 The repository now includes an additional file called scooter_db_entries.zip, which contains SQL table data that can be directly used to set up the web app: modified.csv: All 6,924 generated modified images with their respective metadata (e.g., associated attack name and victim model) real.csv: All 2,966 ImageNet S-R50-N images with their respective metadata. atc.csv: All instruction manipulation check and bogus item images. ishihara.csv: All Ishihara-like images. cc.csv: All final comprehension check images. For more information about the web app, check out the dedicated section of our repository: https://github.com/DrenFazlija/SCOOTER/tree/main/ui SCOOTER Data 1.0.2 The repository now includes the previously missing annotation data for our AdvPP experiment (see advpp_annotations.csv). Please use the file to replace the empty Salman2020Do_R50_annotations.csv file in the advpp/ directory. SCOOTER Data 1.1.0 The repository now includes annotation data from a new, transfer-based attack called GA-DMI-FSA (refer to Appendix G.1.2 of the latest pre-print version for details): ga_dmi_fsa.zip contains all 106 successful AEs, while anonymized_ga-dmi-fsa_with_image_ids.csv contains the corresponding, anonymized SCOOTER annotations. Citation Please cite the original paper when using (parts of) our data: @misc{fazlija2026scooterhumanevaluationframework, title={SCOOTER: A Human Evaluation Framework for Unrestricted Adversarial Examples}, author={Dren Fazlija and Monty-Maximilian Zühlke and Johanna Schrader and Arkadij Orlov and Clara Stein and Iyiola E. Olatunji and Daniel Kudenko}, year={2026}, eprint={2507.07776}, archivePrefix={arXiv}, primaryClass={cs.CV}, url={https://arxiv.org/abs/2507.07776}, }",title_abstract,,,
https://doi.org/10.1145/3746252.3761631,7,A Comprehensive Toolkit for Generalized Robust Vision,2025,"While deep neural networks (DNNs) excel in computer vision tasks, their real-world deployment is hindered by robustness limitations compared to human perception. Adversarial attacks and data distribution shifts remain critical vulnerabilities, degrading model performance under practical conditions. To address these challenges and advance robustness research, we introduce a comprehensive, user-friendly toolkit for training, evaluating, and analyzing robust vision models. It targets two key dimensions of robustness: 1) Adversarial robustness-defending against malicious worst-case perturbations (adversarial examples); 2) Natural robustness-maintaining performance under real-world corruptions and distribution shifts. Through extensive image classification benchmarks, our toolkit enables precise model assessment. We envision this toolkit accelerating the development of practically robust models and bridging the gap between machine and human vision capabilities.",title_abstract,,,
https://doi.org/10.48550/arxiv.2203.14145,5,Reverse Engineering of Imperceptible Adversarial Image Perturbations,2022,"It has been well recognized that neural network based image classifiers are easily fooled by images with tiny perturbations crafted by an adversary. There has been a vast volume of research to generate and defend such adversarial attacks. However, the following problem is left unexplored: How to reverse-engineer adversarial perturbations from an adversarial image? This leads to a new adversarial learning paradigm--Reverse Engineering of Deceptions (RED). If successful, RED allows us to estimate adversarial perturbations and recover the original images. However, carefully crafted, tiny adversarial perturbations are difficult to recover by optimizing a unilateral RED objective. For example, the pure image denoising method may overfit to minimizing the reconstruction error but hardly preserve the classification properties of the true adversarial perturbations. To tackle this challenge, we formalize the RED problem and identify a set of principles crucial to the RED approach design. Particularly, we find that prediction alignment and proper data augmentation (in terms of spatial transformations) are two criteria to achieve a generalizable RED approach. By integrating these RED principles with image denoising, we propose a new Class-Discriminative Denoising based RED framework, termed CDD-RED. Extensive experiments demonstrate the effectiveness of CDD-RED under different evaluation metrics (ranging from the pixel-level, prediction-level to the attribution-level alignment) and a variety of attack generation methods (e.g., FGSM, PGD, CW, AutoAttack, and adaptive attacks).",title_abstract,,,
https://doi.org/10.48550/arxiv.2604.14643,6,Physically-Induced Atmospheric Adversarial Perturbations: Enhancing Transferability and Robustness in Remote Sensing Image Classification,2026,"Adversarial attacks pose a severe threat to the reliability of deep learning models in remote sensing (RS) image classification. Most existing methods rely on direct pixel-wise perturbations, failing to exploit the inherent atmospheric characteristics of RS imagery or survive real-world image degradations. In this paper, we propose FogFool, a physically plausible adversarial framework that generates fog-based perturbations by iteratively optimizing atmospheric patterns based on Perlin noise. By modeling fog formations with natural, irregular structures, FogFool generates adversarial examples that are not only visually consistent with authentic RS scenes but also deceptive. By leveraging the spatial coherence and mid-to-low-frequency nature of atmospheric phenomena, FogFool embeds adversarial information into structural features shared across diverse architectures. Extensive experiments on two benchmark RS datasets demonstrate that FogFool achieves superior performance: not only does it exceed in white-box settings, but also exhibits exceptional black-box transferability (reaching 83.74% TASR) and robustness against common preprocessing-based defenses such as JPEG compression and filtering. Detailed analyses, including confusion matrices and Class Activation Map (CAM) visualizations, reveal that our atmospheric-driven perturbations induce a universal shift in model attention. These results indicate that FogFool represents a practical, stealthy, and highly persistent threat to RS classification systems, providing a robust benchmark for evaluating model reliability in complex environments.",title_abstract,,,
https://doi.org/10.48550/arxiv.2406.04070,6,Batch-in-Batch: a new adversarial training framework for initial perturbation and sample selection,2024,"Adversarial training methods commonly generate independent initial perturbation for adversarial samples from a simple uniform distribution, and obtain the training batch for the classifier without selection. In this work, we propose a simple yet effective training framework called Batch-in-Batch (BB) to enhance models robustness. It involves specifically a joint construction of initial values that could simultaneously generates $m$ sets of perturbations from the original batch set to provide more diversity for adversarial samples; and also includes various sample selection strategies that enable the trained models to have smoother losses and avoid overconfident outputs. Through extensive experiments on three benchmark datasets (CIFAR-10, SVHN, CIFAR-100) with two networks (PreActResNet18 and WideResNet28-10) that are used in both the single-step (Noise-Fast Gradient Sign Method, N-FGSM) and multi-step (Projected Gradient Descent, PGD-10) adversarial training, we show that models trained within the BB framework consistently have higher adversarial accuracy across various adversarial settings, notably achieving over a 13% improvement on the SVHN dataset with an attack radius of 8/255 compared to the N-FGSM baseline model. Furthermore, experimental analysis of the efficiency of both the proposed initial perturbation method and sample selection strategies validates our insights. Finally, we show that our framework is cost-effective in terms of computational resources, even with a relatively large value of $m$.",title_abstract,,,
https://doi.org/10.5281/zenodo.19465087,5,CaptchaBench: A Large-Scale Benchmark Dataset for Evaluating Adversarial Perturbation Methods against VLM-based CAPTCHA Recognition,2026,"This release is a REPRESENTATIVE SUBSET of the full CaptchaBench benchmark, containing 4,000 source CAPTCHA images and 12,000 adversarial images (6 attack methods x 2 generative pipelines). This subset includes all adversarial perturbation outputs and associated metadata. The full dataset (840K base images + 5M+ adversarial variants) and complete VLM evaluation results will be released upon paper acceptance. ========================================================== CaptchaBench is a large-scale benchmark dataset for evaluating adversarial perturbation methods against Vision-Language Model (VLM)-based CAPTCHA recognition. The full dataset comprises 840,000 base images and 5,040,000 adversarially perturbed variants generated from the complete GB2312 Level-1 Chinese character set (3,500 characters, 120 backgrounds per character) using two complementary generative pipelines — Illusion Diffusion ControlNet (ID) and Stable Diffusion XL (SDXL) — annotated with stroke counts, structural types, and VLM evaluation results. == This Release == This Zenodo release contains a representative evaluation subset of the full benchmark: - 4,000 source CAPTCHA images (2,000 per pipeline) with JSON metadata - 12,000 adversarial images (6 attack methods x 1,000 images x 2 pipelines) with per-image JSON metadata - 16,000 images total, ~9.7 GB compressed == Attack Methods == Six adversarial perturbation methods organized into three input modality groups, all using author-recommended optimal hyperparameters: 1. Anti-DreamBooth (ASPL) — ICCV 2023, Image-only, eps=0.05 ([-1,1]), 200 steps 2. Glaze / MI (CWA) — CVPR 2018 + ICLR 2024, Image-only, eps=16/255, 300 steps 3. AMP (AttackVLM) — NeurIPS 2023, Image-only, eps=8/255, 300 steps 4. XTransfer — ICML 2025, Image-only, eps=12/255, 300 steps 5. Nightshade — IEEE S&P 2024, Text-only, eps=0.05 ([0,1]), 500 steps 6. MMCoA — arXiv 2024, Image+Text, eps=1/255, 100 steps == Image Specifications == - Source image resolution: 1024 x 1024 - Adversarial image resolution: 512 x 512 - Format: PNG (lossless) - Character set: GB2312 Level-1 (3,500 Chinese characters) == Directory Structure == CaptchaBench/ README.md LICENSE (CC BY 4.0) ATTACK_PARAMS.md source_images/ ID_ControlNet/ (2,000 images + JSON) SD_ControlNet/ (2,000 images + JSON) adversarial_images/ ID_ControlNet/ (6 methods x 1,000 images) SD_ControlNet/ (6 methods x 1,000 images) logs/ ID_ControlNet/ SD_ControlNet/ == JSON Metadata == Each image has a companion .json file containing: prompt, character label, bounding box, generation config, and batch metadata. == Computational Resources == Generated on NVIDIA A100 80GB (SDXL) and RTX 3090 24GB (ID ControlNet). Total generation time: ~40+ GPU-hours. See included logs/ for detailed resource usage.",title_abstract,,,
https://doi.org/10.5281/zenodo.19465086,5,CaptchaBench: A Large-Scale Benchmark Dataset for Evaluating Adversarial Perturbation Methods against VLM-based CAPTCHA Recognition,2026,"CaptchaBench v1.1 is a large-scale benchmark dataset for evaluating adversarial perturbation methods against Vision-Language Model (VLM)-based Chinese CAPTCHA recognition. This version provides a self-contained stratified evaluation subset: - 4,000 clean CAPTCHA images with JSON metadata (2,000 per generator); - 16,000 adversarial PNG images with paired JSON annotations; - 2 generative pipelines (Illusion Diffusion ControlNet and SDXL); - 8 attack methods, each applied to the same 1,000 source samples per generator: ASPL, Glaze, AMP, XTransfer, AnyAttack, Nightshade, MMCoA, and CoA; - a normalized 16,000-record manifest, source-to-target matching files, and per-method attack metadata. The complete benchmark contains 840,000 base images. This release is the published evaluation subset, not the complete base-image corpus. Each adversarial image is stored as a lossless PNG with a same-stem JSON annotation. `metadata/manifest.jsonl` is the canonical cross-method index; its paths are relative to the archive root and it records the generator, method, modality, source/target pair, character label, and attack parameters. The code, manuscript materials, and package documentation are available at: https://github.com/Linzy19/CaptchaBench",title_abstract,,,
https://doi.org/10.5281/zenodo.21848630,7,CaptchaBench: A Large-Scale Benchmark Dataset for Evaluating Adversarial Perturbation Methods against VLM-based CAPTCHA Recognition,2026,"CaptchaBench v1.1 is a large-scale benchmark dataset for evaluating adversarial perturbation methods against Vision-Language Model (VLM)-based Chinese CAPTCHA recognition. This version provides a self-contained stratified evaluation subset: - 4,000 clean CAPTCHA images with JSON metadata (2,000 per generator); - 16,000 adversarial PNG images with paired JSON annotations; - 2 generative pipelines (Illusion Diffusion ControlNet and SDXL); - 8 attack methods, each applied to the same 1,000 source samples per generator: ASPL, Glaze, AMP, XTransfer, AnyAttack, Nightshade, MMCoA, and CoA; - a normalized 16,000-record manifest, source-to-target matching files, and per-method attack metadata. The complete benchmark contains 840,000 base images. This release is the published evaluation subset, not the complete base-image corpus. Each adversarial image is stored as a lossless PNG with a same-stem JSON annotation. `metadata/manifest.jsonl` is the canonical cross-method index; its paths are relative to the archive root and it records the generator, method, modality, source/target pair, character label, and attack parameters. The code, manuscript materials, and package documentation are available at: https://github.com/Linzy19/CaptchaBench",title_abstract,,,
https://doi.org/10.5281/zenodo.21848509,5,CaptchaBench: A Large-Scale Benchmark Dataset for Evaluating Adversarial Perturbation Methods against VLM-based CAPTCHA Recognition,2026,"CaptchaBench v1.1 extends the representative evaluation subset from six to eight adversarial perturbation methods. This version preserves the v1.0 archive, which contains 4,000 clean CAPTCHA images and 12,000 adversarial images from the original six methods. It adds 4,000 adversarial images generated by two additional methods: - AnyAttack (image-only): 2 generators × 1,000 samples- CoA / Chain-of-Attack (image+text): 2 generators × 1,000 samples The complete evaluation subset now contains 16,000 adversarial PNG images:2 generators × 8 methods × 1,000 samples. Each adversarial image has a paired JSON annotation. The metadata archive includes a normalized 16,000-record manifest, source-target matching files, attack-run metadata, method parameters, and provenance information. Files added in v1.1:- CaptchaBench_16k_ID_AnyAttack.tar.gz- CaptchaBench_16k_ID_CoA.tar.gz- CaptchaBench_16k_SDXL_AnyAttack.tar.gz- CaptchaBench_16k_SDXL_CoA.tar.gz- CaptchaBench_16k_metadata.tar.gz- SHA256SUMS_v1.1 Code and full package documentation:https://github.com/Linzy19/CaptchaBench",title_abstract,,,
https://doi.org/10.48550/arxiv.1707.05474,6,APE-GAN: Adversarial Perturbation Elimination with GAN,2017,"Although neural networks could achieve state-of-the-art performance while recongnizing images, they often suffer a tremendous defeat from adversarial examples--inputs generated by utilizing imperceptible but intentional perturbation to clean samples from the datasets. How to defense against adversarial examples is an important problem which is well worth researching. So far, very few methods have provided a significant defense to adversarial examples. In this paper, a novel idea is proposed and an effective framework based Generative Adversarial Nets named APE-GAN is implemented to defense against the adversarial examples. The experimental results on three benchmark datasets including MNIST, CIFAR10 and ImageNet indicate that APE-GAN is effective to resist adversarial examples generated from five attacks.",title_abstract,,,
https://doi.org/10.48550/arxiv.2105.11593,6,OFEI: A Semi-black-box Android Adversarial Sample Attack Framework Against DLaaS,2021,"With the growing popularity of Android devices, Android malware is seriously threatening the safety of users. Although such threats can be detected by deep learning as a service (DLaaS), deep neural networks as the weakest part of DLaaS are often deceived by the adversarial samples elaborated by attackers. In this paper, we propose a new semi-black-box attack framework called one-feature-each-iteration (OFEI) to craft Android adversarial samples. This framework modifies as few features as possible and requires less classifier information to fool the classifier. We conduct a controlled experiment to evaluate our OFEI framework by comparing it with the benchmark methods JSMF, GenAttack and pointwise attack. The experimental results show that our OFEI has a higher misclassification rate of 98.25%. Furthermore, OFEI can extend the traditional white-box attack methods in the image field, such as fast gradient sign method (FGSM) and DeepFool, to craft adversarial samples for Android. Finally, to enhance the security of DLaaS, we use two uncertainties of the Bayesian neural network to construct the combined uncertainty, which is used to detect adversarial samples and achieves a high detection rate of 99.28%.",title_abstract,,,
https://doi.org/10.1145/3343031.3351088,6,Black-box Adversarial Attacks on Video Recognition Models,2019,"Deep neural networks (DNNs) are known for their vulnerability to adversarial examples. These are examples that have undergone small, carefully crafted perturbations, and which can easily fool a DNN into making misclassifications at test time. Thus far, the field of adversarial research has mainly focused on image models, under either a white-box setting, where an adversary has full access to model parameters, or a black-box setting where an adversary can only query the target model for probabilities or labels. Whilst several white-box attacks have been proposed for video models, black-box video attacks are still unexplored. To close this gap, we propose the first black-box video attack framework, called V-BAD. V-BAD utilizestentative perturbations transferred from image models andpartition-based rectifications found by the NES to obtain good adversarial gradient estimates with fewer queries to the target model. V-BAD is equivalent to estimating the projection of the adversarial gradient on a selected subspace. Using three benchmark video datasets, we demonstrate that V-BAD can craft both untargeted and targeted attacks to fool two state-of-the-art deep video recognition models. For the targeted attack, it achieves $>$93% success rate using only an average of $3.4 \sim 8.4 \times 10^4$ queries, a similar number of queries to state-of-the-art black-box image attacks. This is despite the fact that videos often have two orders of magnitude higher dimensionality than static images. We believe that V-BAD is a promising new tool to evaluate and improve the robustness of video recognition models to black-box adversarial attacks.",title_abstract,,,
https://doi.org/10.48550/arxiv.2408.01934,5,A Survey and Evaluation of Adversarial Attacks for Object Detection,2024,"Deep learning models achieve remarkable accuracy in computer vision tasks, yet remain vulnerable to adversarial examples--carefully crafted perturbations to input images that can deceive these models into making confident but incorrect predictions. This vulnerability pose significant risks in high-stakes applications such as autonomous vehicles, security surveillance, and safety-critical inspection systems. While the existing literature extensively covers adversarial attacks in image classification, comprehensive analyses of such attacks on object detection systems remain limited. This paper presents a novel taxonomic framework for categorizing adversarial attacks specific to object detection architectures, synthesizes existing robustness metrics, and provides a comprehensive empirical evaluation of state-of-the-art attack methodologies on popular object detection models, including both traditional detectors and modern detectors with vision-language pretraining. Through rigorous analysis of open-source attack implementations and their effectiveness across diverse detection architectures, we derive key insights into attack characteristics. Furthermore, we delineate critical research gaps and emerging challenges to guide future investigations in securing object detection systems against adversarial threats. Our findings establish a foundation for developing more robust detection models while highlighting the urgent need for standardized evaluation protocols in this rapidly evolving domain.",title_abstract,,,
https://doi.org/10.1609/aaai.v34i01.5469,7,Generating Adversarial Examples for Holding Robustness of Source Code Processing Models,2020,"Automated processing, analysis, and generation of source code are among the key activities in software and system lifecycle. To this end, while deep learning (DL) exhibits a certain level of capability in handling these tasks, the current state-of-the-art DL models still suffer from non-robust issues and can be easily fooled by adversarial attacks.Different from adversarial attacks for image, audio, and natural languages, the structured nature of programming languages brings new challenges. In this paper, we propose a Metropolis-Hastings sampling-based identifier renaming technique, named \fullmethod (\method), which generates adversarial examples for DL models specialized for source code processing. Our in-depth evaluation on a functionality classification benchmark demonstrates the effectiveness of \method in generating adversarial examples of source code. The higher robustness and performance enhanced through our adversarial training with \method further confirms the usefulness of DL models-based method for future fully automated source code processing.",title_abstract,,,
https://doi.org/10.54254/2755-2721/2025.bj27247,5,"The Mechanisms, Evaluation, and Future Prospects of Black-Box Adversarial Attacks",2025,"As machine learning is increasingly applied in healthcare, finance, and security, black-box adversarial attacks that manipulate inputs to mislead models without accessing internal details pose a growing security threat in real-world applications. This paper reviews black-box adversarial attacks by categorizing perturbation generation methods, such as gradient estimation and evolutionary search, along with attack targets, including directional and non-directional types. Besides, it distinguishes attack scenarios based on the attacker’s knowledge into white-box and black-box categories, analyzing their effects across different machine learning tasks and summarizing related challenges and opportunities. The results indicate that in image classification tasks, zero-order optimization (ZOO) demands a large number of queries to reach a high success rate, whereas evolutionary algorithms enhance defense effectiveness by about 30% but involve greater computational costs. For large-scale language models, template injection attacks achieve success rates greater than 80%, while the PathSeeker multi-agent reinforcement learning framework achieves over 80% detection evasion by dynamically adjusting templates. However, the effectiveness of cross-domain transfer is still severely constrained. Key directions include meta-learning with Bayesian optimization, cross-modal attack frameworks, and testing standards for high-risk settings.",title_abstract,,,
https://doi.org/10.1145/3805689.3812343,11,HEART Attacks: Healthcare Evaluation of Adversarial RobusTness,2026,"Large Vision-Language Models (LVLMs) have shown potential for integrating visual and textual information, yet they continue to exhibit limitations in visual reasoning and robustness, a particular concern in high-stakes domains such as healthcare. Prior robustness evaluations remain limited in breadth, typically focusing on a narrow set of medical modalities and tasks. Moreover, they study failure modes within a single modality (e.g., text negation or image swaps) overlooking one of the most sensitive aspects of LVLMs: how models leverage and combine information across modalities. To address this gap, we introduce BAIT (Blind-trust Adversarial Injection Toolkit), a general framework that converts vision datasets into controlled multimodal adversarial evaluations by injecting assistive or adversarial cues as prompt text and in-image overlays. Using BAIT, we build HEART (Healthcare Evaluation of Adversarial RobusTness), an adversarial benchmark created from several expert-annotated medical sources, covering multiple imaging modalities (e.g., radiology, ophthalmology, dermatology, etc.). We evaluate state-of-the-art LVLMs on HEART and observe that, despite moderate performance under non-adversarial conditions, even the most robust models exhibit catastrophic failures under adversarial conditions, with accuracy dropping below random chance due to LVLMs prioritizing injected misinformation over visual evidence. As a mitigation strategy, this work shows that out-of-distribution adversarial supervised fine-tuning and explicit system prompt warnings provide limited resilience to BAIT-style attacks. Together, BAIT and HEART define a scalable and flexible scheme for assessing the robustness of LVLMs in the context of multimodal information conflict, enabling the development of more reliable LVLMs for use in healthcare as well as in other multimodal domains.",title_abstract,,,
https://doi.org/10.48550/arxiv.2203.16931,5,Towards Robust Rain Removal Against Adversarial Attacks: A Comprehensive Benchmark Analysis and Beyond,2022,"Rain removal aims to remove rain streaks from images/videos and reduce the disruptive effects caused by rain. It not only enhances image/video visibility but also allows many computer vision algorithms to function properly. This paper makes the first attempt to conduct a comprehensive study on the robustness of deep learning-based rain removal methods against adversarial attacks. Our study shows that, when the image/video is highly degraded, rain removal methods are more vulnerable to the adversarial attacks as small distortions/perturbations become less noticeable or detectable. In this paper, we first present a comprehensive empirical evaluation of various methods at different levels of attacks and with various losses/targets to generate the perturbations from the perspective of human perception and machine analysis tasks. A systematic evaluation of key modules in existing methods is performed in terms of their robustness against adversarial attacks. From the insights of our analysis, we construct a more robust deraining method by integrating these effective modules. Finally, we examine various types of adversarial attacks that are specific to deraining problems and their effects on both human and machine vision tasks, including 1) rain region attacks, adding perturbations only in the rain regions to make the perturbations in the attacked rain images less visible; 2) object-sensitive attacks, adding perturbations only in regions near the given objects. Code is available at https://github.com/yuyi-sd/Robust_Rain_Removal.",title_abstract,,,
https://doi.org/10.1080/24751839.2026.2730085,8,A benchmarking framework and its validation on all evasion attacks on image classifiers listed in the adversarial robustness toolbox,2026,"What is an efficient attack against image classifiers? First, this paper defines a generic benchmarking framework to evaluate the effectiveness of evasion attacks against image classification models with relevant key performance indicators. The framework assesses attacks on 12 classifiers, for 4 datasets, and all supported attack typologies and scenarios, and specifies the tools to compare different attacks. Second, the framework is experimentally validated. We benchmark each of the 27 evasion attacks implemented in the Adversarial Robustness Toolbox, what leads to useful observations. With experiments that encompass 669,034 attack attempts and represent ∼ 7.6 GPU years of sequential computing time, our survey is the most comprehensive evaluation of evasion attacks to date. This work enables the intrinsic evaluation and comparative positioning of any new evasion attack.",title_abstract,,,
https://doi.org/10.48550/arxiv.1912.11852,5,Benchmarking Adversarial Robustness,2019,"Deep neural networks are vulnerable to adversarial examples, which becomes one of the most important research problems in the development of deep learning. While a lot of efforts have been made in recent years, it is of great significance to perform correct and complete evaluations of the adversarial attack and defense algorithms. In this paper, we establish a comprehensive, rigorous, and coherent benchmark to evaluate adversarial robustness on image classification tasks. After briefly reviewing plenty of representative attack and defense methods, we perform large-scale experiments with two robustness curves as the fair-minded evaluation criteria to fully understand the performance of these methods. Based on the evaluation results, we draw several important findings and provide insights for future research.",title_abstract,,,
https://doi.org/10.48550/arxiv.2010.09670,8,RobustBench: a standardized adversarial robustness benchmark,2020,"As a research community, we are still lacking a systematic understanding of the progress on adversarial robustness which often makes it hard to identify the most promising ideas in training robust models. A key challenge in benchmarking robustness is that its evaluation is often error-prone leading to robustness overestimation. Our goal is to establish a standardized benchmark of adversarial robustness, which as accurately as possible reflects the robustness of the considered models within a reasonable computational budget. To this end, we start by considering the image classification task and introduce restrictions (possibly loosened in the future) on the allowed models. We evaluate adversarial robustness with AutoAttack, an ensemble of white- and black-box attacks, which was recently shown in a large-scale study to improve almost all robustness evaluations compared to the original publications. To prevent overadaptation of new defenses to AutoAttack, we welcome external evaluations based on adaptive attacks, especially where AutoAttack flags a potential overestimation of robustness. Our leaderboard, hosted at https://robustbench.github.io/, contains evaluations of 120+ models and aims at reflecting the current state of the art in image classification on a set of well-defined tasks in $\ell_\infty$- and $\ell_2$-threat models and on common corruptions, with possible extensions in the future. Additionally, we open-source the library https://github.com/RobustBench/robustbench that provides unified access to 80+ robust models to facilitate their downstream applications. Finally, based on the collected models, we analyze the impact of robustness on the performance on distribution shifts, calibration, out-of-distribution detection, fairness, privacy leakage, smoothness, and transferability.",title_abstract,,,
https://doi.org/10.1587/transinf.2019edp7188,5,Evaluating Deep Learning for Image Classification in Adversarial Environment,2020,"Due to the superior performance, deep learning has been widely applied to various applications, including image classification, bioinformatics, and cybersecurity. Nevertheless, the research investigations on deep learning in the adversarial environment are still on their preliminary stage. The emerging adversarial learning methods, e.g., generative adversarial networks, have introduced two vital questions: to what degree the security of deep learning with the presence of adversarial examples is; how to evaluate the performance of deep learning models in adversarial environment, thus, to raise security advice such that the selected application system based on deep learning is resistant to adversarial examples. To see the answers, we leverage image classification as an example application scenario to propose a framework of Evaluating Deep Learning for Image Classification (EDLIC) to conduct comprehensively quantitative analysis. Moreover, we introduce a set of evaluating metrics to measure the performance of different attacking and defensive techniques. After that, we conduct extensive experiments towards the performance of deep learning for image classification under different adversarial environments to validate the scalability of EDLIC. Finally, we give some advice about the selection of deep learning models for image classification based on these comparative results.",title_abstract,,,
https://doi.org/10.48550/arxiv.2503.16975,7,EasyRobust: A Comprehensive and Easy-to-use Toolkit for Robust and Generalized Vision,2025,"Deep neural networks (DNNs) has shown great promise in computer vision tasks. However, machine vision achieved by DNNs cannot be as robust as human perception. Adversarial attacks and data distribution shifts have been known as two major scenarios which degrade machine performance and obstacle the wide deployment of machines ""in the wild"". In order to break these obstructions and facilitate the research of model robustness, we develop EasyRobust, a comprehensive and easy-to-use toolkit for training, evaluation and analysis of robust vision models. EasyRobust targets at two types of robustness: 1) Adversarial robustness enables the model to defense against malicious inputs crafted by worst-case perturbations, also known as adversarial examples; 2) Non-adversarial robustness enhances the model performance on natural test images with corruptions or distribution shifts. Thorough benchmarks on image classification enable EasyRobust to provide an accurate robustness evaluation on vision models. We wish our EasyRobust can help for training practically-robust models and promote academic and industrial progress in closing the gap between human and machine vision. Codes and models of EasyRobust have been open-sourced in https://github.com/alibaba/easyrobust.",title_abstract,,,
https://doi.org/10.18653/v1/p18-1241,5,Attacking Visual Language Grounding with Adversarial Examples: A Case Study on Neural Image Captioning,2018,"Visual language grounding is widely studied in modern neural image captioning systems, which typically adopts an encoder-decoder framework consisting of two principal components: a convolutional neural network (CNN) for image feature extraction and a recurrent neural network (RNN) for language caption generation.To study the robustness of language grounding to adversarial perturbations in machine vision and perception, we propose Show-and-Fool, a novel algorithm for crafting adversarial examples in neural image captioning.The proposed algorithm provides two evaluation approaches, which check whether neural image captioning systems can be mislead to output some randomly chosen captions or keywords.Our extensive experiments show that our algorithm can successfully craft visually-similar adversarial examples with randomly targeted captions or keywords, and the adversarial examples can be made highly transferable to other image captioning systems.Consequently, our approach leads to new robustness implications of neural image captioning and novel insights in visual language grounding.",title_abstract,,,
https://doi.org/10.48550/arxiv.2602.23117,8,"Devling into Adversarial Transferability on Image Classification: Review, Benchmark, and Evaluation",2026,"Adversarial transferability refers to the capacity of adversarial examples generated on the surrogate model to deceive alternate, unexposed victim models. This property eliminates the need for direct access to the victim model during an attack, thereby raising considerable security concerns in practical applications and attracting substantial research attention recently. In this work, we discern a lack of a standardized framework and criteria for evaluating transfer-based attacks, leading to potentially biased assessments of existing approaches. To rectify this gap, we have conducted an exhaustive review of hundreds of related works, organizing various transfer-based attacks into six distinct categories. Subsequently, we propose a comprehensive framework designed to serve as a benchmark for evaluating these attacks. In addition, we delineate common strategies that enhance adversarial transferability and highlight prevalent issues that could lead to unfair comparisons. Finally, we provide a brief review of transfer-based attacks beyond image classification.",title_abstract,,,
https://doi.org/10.48550/arxiv.2404.12653,9,How Real Is Real? A Human Evaluation Framework for Unrestricted Adversarial Examples,2024,"With an ever-increasing reliance on machine learning (ML) models in the real world, adversarial examples threaten the safety of AI-based systems such as autonomous vehicles. In the image domain, they represent maliciously perturbed data points that look benign to humans (i.e., the image modification is not noticeable) but greatly mislead state-of-the-art ML models. Previously, researchers ensured the imperceptibility of their altered data points by restricting perturbations via $\ell_p$ norms. However, recent publications claim that creating natural-looking adversarial examples without such restrictions is also possible. With much more freedom to instill malicious information into data, these unrestricted adversarial examples can potentially overcome traditional defense strategies as they are not constrained by the limitations or patterns these defenses typically recognize and mitigate. This allows attackers to operate outside of expected threat models. However, surveying existing image-based methods, we noticed a need for more human evaluations of the proposed image modifications. Based on existing human-assessment frameworks for image generation quality, we propose SCOOTER - an evaluation framework for unrestricted image-based attacks. It provides researchers with guidelines for conducting statistically significant human experiments, standardized questions, and a ready-to-use implementation. We propose a framework that allows researchers to analyze how imperceptible their unrestricted attacks truly are.",title_abstract,,,
https://doi.org/10.48550/arxiv.1803.07474,7,An Improved Evaluation Framework for Generative Adversarial Networks,2018,"In this paper, we propose an improved quantitative evaluation framework for Generative Adversarial Networks (GANs) on generating domain-specific images, where we improve conventional evaluation methods on two levels: the feature representation and the evaluation metric. Unlike most existing evaluation frameworks which transfer the representation of ImageNet inception model to map images onto the feature space, our framework uses a specialized encoder to acquire fine-grained domain-specific representation. Moreover, for datasets with multiple classes, we propose Class-Aware Frechet Distance (CAFD), which employs a Gaussian mixture model on the feature space to better fit the multi-manifold feature distribution. Experiments and analysis on both the feature level and the image level were conducted to demonstrate improvements of our proposed framework over the recently proposed state-of-the-art FID method. To our best knowledge, we are the first to provide counter examples where FID gives inconsistent results with human judgments. It is shown in the experiments that our framework is able to overcome the shortness of FID and improves robustness. Code will be made available.",title_abstract,,,
https://doi.org/10.48550/arxiv.2308.01840,10,URET: Universal Robustness Evaluation Toolkit (for Evasion),2023,"Machine learning models are known to be vulnerable to adversarial evasion attacks as illustrated by image classification models. Thoroughly understanding such attacks is critical in order to ensure the safety and robustness of critical AI tasks. However, most evasion attacks are difficult to deploy against a majority of AI systems because they have focused on image domain with only few constraints. An image is composed of homogeneous, numerical, continuous, and independent features, unlike many other input types to AI systems used in practice. Furthermore, some input types include additional semantic and functional constraints that must be observed to generate realistic adversarial inputs. In this work, we propose a new framework to enable the generation of adversarial inputs irrespective of the input type and task domain. Given an input and a set of pre-defined input transformations, our framework discovers a sequence of transformations that result in a semantically correct and functional adversarial input. We demonstrate the generality of our approach on several diverse machine learning tasks with various input representations. We also show the importance of generating adversarial examples as they enable the deployment of mitigation techniques.",title_abstract,,,
https://doi.org/10.48550/arxiv.2207.07797,5,CARBEN: Composite Adversarial Robustness Benchmark,2022,"Prior literature on adversarial attack methods has mainly focused on attacking with and defending against a single threat model, e.g., perturbations bounded in Lp ball. However, multiple threat models can be combined into composite perturbations. One such approach, composite adversarial attack (CAA), not only expands the perturbable space of the image, but also may be overlooked by current modes of robustness evaluation. This paper demonstrates how CAA's attack order affects the resulting image, and provides real-time inferences of different models, which will facilitate users' configuration of the parameters of the attack level and their rapid evaluation of model prediction. A leaderboard to benchmark adversarial robustness against CAA is also introduced.",title_abstract,,,
https://doi.org/10.48550/arxiv.2601.14519,5,How Worst-Case Are Adversarial Attacks? Linking Adversarial and Perturbation Robustness,2026,"Adversarial attacks are widely used to identify model vulnerabilities; however, their validity as proxies for robustness to random perturbations remains debated. We ask whether an adversarial example provides a representative estimate of misprediction risk under stochastic perturbations of the same magnitude, or instead reflects an atypical worst-case event. To address this question, we introduce a probabilistic analysis that quantifies this risk with respect to directionally biased perturbation distributions, parameterized by a concentration factor $κ$ that interpolates between isotropic noise and adversarial directions. Building on this, we study the limits of this connection by proposing an attack strategy designed to probe vulnerabilities in regimes that are statistically closer to uniform noise. Experiments on ImageNet and CIFAR-10 systematically benchmark multiple attacks, revealing when adversarial success meaningfully reflects robustness to perturbations and when it does not, thereby informing their use in safety-oriented robustness evaluation.",title_abstract,,,
https://doi.org/10.48550/arxiv.1711.05929,5,Defense against Universal Adversarial Perturbations,2017,"Recent advances in Deep Learning show the existence of image-agnostic quasi-imperceptible perturbations that when applied to `any' image can fool a state-of-the-art network classifier to change its prediction about the image label. These `Universal Adversarial Perturbations' pose a serious threat to the success of Deep Learning in practice. We present the first dedicated framework to effectively defend the networks against such perturbations. Our approach learns a Perturbation Rectifying Network (PRN) as `pre-input' layers to a targeted model, such that the targeted model needs no modification. The PRN is learned from real and synthetic image-agnostic perturbations, where an efficient method to compute the latter is also proposed. A perturbation detector is separately trained on the Discrete Cosine Transform of the input-output difference of the PRN. A query image is first passed through the PRN and verified by the detector. If a perturbation is detected, the output of the PRN is used for label prediction instead of the actual image. A rigorous evaluation shows that our framework can defend the network classifiers against unseen adversarial perturbations in the real-world scenarios with up to 97.5% success rate. The PRN also generalizes well in the sense that training for one targeted network defends another network with a comparable success rate.",title_abstract,,,
https://doi.org/10.1609/aaai.v34i04.6154,6,CD-UAP: Class Discriminative Universal Adversarial Perturbation,2020,"A single universal adversarial perturbation (UAP) can be added to all natural images to change most of their predicted class labels. It is of high practical relevance for an attacker to have flexible control over the targeted classes to be attacked, however, the existing UAP method attacks samples from all classes. In this work, we propose a new universal attack method to generate a single perturbation that fools a target network to misclassify only a chosen group of classes, while having limited influence on the remaining classes. Since the proposed attack generates a universal adversarial perturbation that is discriminative to targeted and non-targeted classes, we term it class discriminative universal adversarial perturbation (CD-UAP). We propose one simple yet effective algorithm framework, under which we design and compare various loss function configurations tailored for the class discriminative universal attack. The proposed approach has been evaluated with extensive experiments on various benchmark datasets. Additionally, our proposed approach achieves state-of-the-art performance for the original task of UAP attacking all classes, which demonstrates the effectiveness of our approach.",title_abstract,,,
https://doi.org/10.3390/app112110479,5,A Distributed Biased Boundary Attack Method in Black-Box Attack,2021,"The adversarial samples threaten the effectiveness of machine learning (ML) models and algorithms in many applications. In particular, black-box attack methods are quite close to actual scenarios. Research on black-box attack methods and the generation of adversarial samples is helpful to discover the defects of machine learning models. It can strengthen the robustness of machine learning algorithms models. Such methods require queries frequently, which are less efficient. This paper has made improvements in the initial generation and the search for the most effective adversarial examples. Besides, it is found that some indicators can be used to detect attacks, which is a new foundation compared with our previous studies. Firstly, the paper proposed an algorithm to generate initial adversarial samples with a smaller L2 norm; secondly, a combination between particle swarm optimization (PSO) and biased boundary adversarial attack (BBA) is proposed. It is the PSO-BBA. Experiments are conducted on the ImageNet. The PSO-BBA is compared with the baseline method. Experimental comparison results certificate that: (1) A distributed framework for adversarial attack methods is proposed; (2) The proposed initial point selection method can reduces query numbers effectively; (3) Compared to the original BBA, the proposed PSO-BBA algorithm accelerates the convergence speed and improves the accuracy of attack accuracy; (4) The improved PSO-BBA algorithm has preferable performance on targeted and non-targeted attacks; (5) The mean structural similarity (MSSIM) can be used as the indicators of adversarial attack.",title_abstract,,,
https://doi.org/10.48550/arxiv.1904.05181,6,Black-box Adversarial Attacks on Video Recognition Models,2019,"Deep neural networks (DNNs) are known for their vulnerability to adversarial examples. These are examples that have undergone small, carefully crafted perturbations, and which can easily fool a DNN into making misclassifications at test time. Thus far, the field of adversarial research has mainly focused on image models, under either a white-box setting, where an adversary has full access to model parameters, or a black-box setting where an adversary can only query the target model for probabilities or labels. Whilst several white-box attacks have been proposed for video models, black-box video attacks are still unexplored. To close this gap, we propose the first black-box video attack framework, called V-BAD. V-BAD utilizes tentative perturbations transferred from image models, and partition-based rectifications found by the NES on partitions (patches) of tentative perturbations, to obtain good adversarial gradient estimates with fewer queries to the target model. V-BAD is equivalent to estimating the projection of an adversarial gradient on a selected subspace. Using three benchmark video datasets, we demonstrate that V-BAD can craft both untargeted and targeted attacks to fool two state-of-the-art deep video recognition models. For the targeted attack, it achieves $>$93\% success rate using only an average of $3.4 \sim 8.4 \times 10^4$ queries, a similar number of queries to state-of-the-art black-box image attacks. This is despite the fact that videos often have two orders of magnitude higher dimensionality than static images. We believe that V-BAD is a promising new tool to evaluate and improve the robustness of video recognition models to black-box adversarial attacks.",title_abstract,,,
https://doi.org/10.48550/arxiv.2304.12829,5,Improving Robustness Against Adversarial Attacks with Deeply Quantized Neural Networks,2023,"Reducing the memory footprint of Machine Learning (ML) models, particularly Deep Neural Networks (DNNs), is essential to enable their deployment into resource-constrained tiny devices. However, a disadvantage of DNN models is their vulnerability to adversarial attacks, as they can be fooled by adding slight perturbations to the inputs. Therefore, the challenge is how to create accurate, robust, and tiny DNN models deployable on resource-constrained embedded devices. This paper reports the results of devising a tiny DNN model, robust to adversarial black and white box attacks, trained with an automatic quantizationaware training framework, i.e. QKeras, with deep quantization loss accounted in the learning loop, thereby making the designed DNNs more accurate for deployment on tiny devices. We investigated how QKeras and an adversarial robustness technique, Jacobian Regularization (JR), can provide a co-optimization strategy by exploiting the DNN topology and the per layer JR approach to produce robust yet tiny deeply quantized DNN models. As a result, a new DNN model implementing this cooptimization strategy was conceived, developed and tested on three datasets containing both images and audio inputs, as well as compared its performance with existing benchmarks against various white-box and black-box attacks. Experimental results demonstrated that on average our proposed DNN model resulted in 8.3% and 79.5% higher accuracy than MLCommons/Tiny benchmarks in the presence of white-box and black-box attacks on the CIFAR-10 image dataset and a subset of the Google Speech Commands audio dataset respectively. It was also 6.5% more accurate for black-box attacks on the SVHN image dataset.",title_abstract,,,
https://doi.org/10.3390/electronics12173665,10,CANARY: An Adversarial Robustness Evaluation Platform for Deep Learning Models on Image Classification,2023,"The vulnerability of deep-learning-based image classification models to erroneous conclusions in the presence of small perturbations crafted by attackers has prompted attention to the question of the models’ robustness level. However, the question of how to comprehensively and fairly measure the adversarial robustness of models with different structures and defenses as well as the performance of different attack methods has never been accurately answered. In this work, we present the design, implementation, and evaluation of Canary, a platform that aims to answer this question. Canary uses a common scoring framework that includes 4 dimensions with 26 (sub)metrics for evaluation. First, Canary generates and selects valid adversarial examples and collects metrics data through a series of tests. Then it uses a two-way evaluation strategy to guide the data organization and finally integrates all the data to give the scores for model robustness and attack effectiveness. In this process, we use Item Response Theory (IRT) for the first time to ensure that all the metrics can be fairly calculated into a score that can visually measure the capability. In order to fully demonstrate the effectiveness of Canary, we conducted large-scale testing of 15 representative models trained on the ImageNet dataset using 12 white-box attacks and 12 black-box attacks and came up with a series of in-depth and interesting findings. This further illustrates the capabilities and strengths of Canary as a benchmarking platform. Our paper provides an open-source framework for model robustness evaluation, allowing researchers to perform comprehensive and rapid evaluations of models or attack/defense algorithms, thus inspiring further improvements and greatly benefiting future work.",title_abstract,,,
10.48550/arXiv.2306.07591,6,I See Dead People: Gray-Box Adversarial Attack on Image-To-Text Models,2023,"Modern image-to-text systems typically adopt the encoder-decoder framework, which comprises two main components: an image encoder, responsible for extracting image features, and a transformer-based decoder, used for generating captions. Taking inspiration from the analysis of neural networks' robustness against adversarial perturbations, we propose a novel gray-box algorithm for creating adversarial examples in image-to-text models. Unlike image classification tasks that have a finite set of class labels, finding visually similar adversarial examples in an image-to-text task poses greater challenges because the captioning system allows for a virtually infinite space of possible captions. In this paper, we present a gray-box adversarial attack on image-to-text, both untargeted and targeted. We formulate the process of discovering adversarial perturbations as an optimization problem that uses only the image-encoder component, meaning the proposed attack is language-model agnostic. Through experiments conducted on the ViT-GPT2 model, which is the most-used image-to-text model in Hugging Face, and the Flickr30k dataset, we demonstrate that our proposed attack successfully generates visually similar adversarial examples, both with untargeted and targeted captions. Notably, our attack operates in a gray-box manner, requiring no knowledge about the decoder module. We also show that our attacks fool the popular open-source platform Hugging Face.",title_abstract,,,
10.1109/LSP.2024.3350983,6,Robust Adversarial Watermark Defending Against GAN Synthesization Attack,2024,"The proliferation of facial manipulation has been propelled by generative adversarial networks (GAN), severely threatening to the personal privacy and reputation. Accordingly, one such countermeasure is adversarial watermark, which is embedded into the protected image prior to GAN synthesization attack, resulting into the distorted fake content obtained by malicious attackers. However, in practice, JPEG compression usually causes a remarkable degradation on the performance of adversarial watermark. To address this challengeable issue, this letter presents a novel robust adversarial watermark, which can effectively defend against GAN synthesization attack, even though suffering from JPEG compression. Extensive experiments verify the superiority of our proposed method in the benchmark dataset; more importantly, the robustness of the proposed adversarial watermark is comprehensively evaluated on the both simulated transmission channel and the realism social network platform.",title_abstract,,,
10.1145/3664647.3681101,5,Adversarial Example Quality Assessment: A Large-scale Dataset and Strong Baseline,2024,"Adversarial examples (AEs), which are maliciously hand-crafted by adding perturbations to benign images, reveal the vulnerability of deep neural networks (DNNs) and have been used as a benchmark for evaluating model robustness. With great efforts have been devoted to generating AEs with stronger attack ability, the visual quality of AEs is generally neglected in previous studies. The lack of a good quality measure of AEs makes it very hard to compare the relative merits of attack techniques and is hindering technological advancement. How to evaluate the visual quality of AEs remains an understudied and unsolved problem. In this work, we make the first attempt to fill the gap by presenting an image quality assessment method specifically designed for AEs. Towards this goal, we first construct a new database, called AdvDB, developed on diverse adversarial examples with elaborated annotations. We also propose a detection-based structural similarity index (AdvDSS) for adversarial example perceptual quality assessment. Specifically, the visual saliency for capturing the near-threshold adversarial distortions is first detected via human visual system (HVS) techniques and then the structural similarity is extracted to predict the quality score. Moreover, we further propose AEQA for overall adversarial example quality assessment by integrating the perceptual quality and attack intensity of AEs. Extensive experiments validate that the proposed AdvDSS achieves state-of-the-art performance which is more consistent with human opinions.",title_abstract,,,
10.1609/aaai.v39i26.34976,6,Reinforcement Learning Platform for Adversarial Black-box Attacks with Custom Distortion Filters,2025,"We present a Reinforcement Learning Platform for Adversarial Black-box untargeted and targeted attacks, RLAB, that allows users to select from various distortion filters to create adversarial examples. The platform uses a Reinforcement Learning agent to add minimum distortion to input images while still causing misclassification by the target model. The agent uses a novel dual-action method to explore the input image at each step to identify sensitive regions for adding distortions while removing noises that have less impact on the target model. This dual action leads to faster and more efficient convergence of the attack. The platform can also be used to measure the robustness of image classification models against specific distortion types. Also, retraining the model with adversarial samples significantly improved robustness when evaluated on benchmark datasets. The proposed platform outperforms state-of-the-art methods in terms of the average number of queries required to cause misclassification. This advances trustworthiness with a positive social impact.",title_abstract,,,
10.1109/TII.2024.3438284,6,FPGA Adaptive Neural Network Quantization for Adversarial Image Attack Defense,2024,"Quantized neural networks (QNNs) have become a standard operation for efficiently deploying deep learning models on hardware platforms in real application scenarios. An empirical study on German traffic sign recognition benchmark (GTSRB) dataset shows that under the three white-box adversarial attacks of fast gradient sign method, random + fast gradient sign method and basic iterative method, the accuracy of the full quantization model was only 55%, much lower than that of the full precision model (73%). This indicates the adversarial robustness of the full quantization model is much worse than that of the full precision model. To improve the adversarial robustness of the full quantization model, we have designed an adversarial attack defense platform based on field-programmable gate array (FPGA) to jointly optimize the efficiency and robustness of QNNs. Various hardware-friendly techniques such as adversarial training and feature squeezing were studied and transferred to the FPGA platform based on the designed accelerator of QNN. Experiments on the GTSRB dataset show that the adversarial training embedded on FPGA can increase the model's average accuracy by 2.5% on clean data, 15% under white-box attacks, and 4% under black-box attacks, respectively, demonstrating our methodology can improve the robustness of the full quantization model under different adversarial attacks.",title_abstract,,,
10.1016/j.patcog.2025.112412,5,Benchmarking the Spatial Robustness of DNNs via Natural and Adversarial Localized Corruptions,2025,"The robustness of deep neural networks is a crucial factor in safety-critical applications, particularly in complex and dynamic environments (e.g., medical or driving scenarios) where localized corruptions can arise. While previous studies have evaluated the robustness of semantic segmentation (SS) models under whole-image natural or adversarial corruptions, a comprehensive investigation into the spatial robustness of dense vision models under localized corruptions remains underexplored. This paper fills this gap by introducing novel, region-aware metrics for benchmarking the spatial robustness of segmentation models, along with an evaluation framework to assess the impact of natural localized corruptions. Furthermore, it uncovers the inherent complexity of evaluating worst-case spatial robustness using only a single localized adversarial attack. To address this, the work proposes a region-aware multi-attack adversarial analysis to systematically assess model robustness across specific image regions. The proposed metrics and analysis were exploited to evaluate 14 segmentation models in driving scenarios, uncovering key insights into the effects of localized corruption in both natural and adversarial forms. The results reveal that models respond to these two types of threats differently; for instance, transformer-based segmentation models demonstrate notable robustness to localized natural corruptions but are highly vulnerable to adversarial ones, and vice versa for CNN-based models. Consequently, we also address the challenge of balancing robustness to both natural and adversarial localized corruptions by means of ensemble models, thereby achieving a broader threat coverage and improved reliability for dense vision tasks.",title_abstract,,,
JailBreakV: A Benchmark for Assessing the Robustness of MultiModal Large Language Models against Jailbreak Attacks,5,JailBreakV: A Benchmark for Assessing the Robustness of MultiModal Large Language Models against Jailbreak Attacks,2024,"With the rapid advancements in Multimodal Large Language Models (MLLMs), securing these models against malicious inputs while aligning them with human values has emerged as a critical challenge. In this paper, we investigate an important and unexplored question of whether techniques that successfully jailbreak Large Language Models (LLMs) can be equally effective in jailbreaking MLLMs. To explore this issue, we introduce JailBreakV-28K, a pioneering benchmark designed to assess the transferability of LLM jailbreak techniques to MLLMs, thereby evaluating the robustness of MLLMs against diverse jailbreak attacks. Utilizing a dataset of 2, 000 malicious queries that is also proposed in this paper, we generate 20, 000 text-based jailbreak prompts using advanced jailbreak attacks on LLMs, alongside 8, 000 image-based jailbreak inputs from recent MLLMs jailbreak attacks, our comprehensive dataset includes 28, 000 test cases across a spectrum of adversarial scenarios. Our evaluation of 10 open-source MLLMs reveals a notably high Attack Success Rate (ASR) for attacks transferred from LLMs, highlighting a critical vulnerability in MLLMs that stems from their text-processing capabilities. Our findings underscore the urgent need for future research to address alignment vulnerabilities in MLLMs from both textual and visual inputs.",title_abstract,,,
10.3390/app16031254,5,ShieldNet: A Novel Adversarially Resilient Convolutional Neural Network for Robust Image Classification,2026,"The proliferation of biometric authentication systems in critical security applications has highlighted the urgent need for robust defense mechanisms against sophisticated adversarial attacks. This paper presents ShieldNet, an adversarially resilient Convolutional Neural Network (CNN) framework specifically designed for secure iris biometric authentication. Unlike existing approaches that apply adversarial training or gradient regularization independently, ShieldNet introduces a synergistic dual-layer defense framework featuring three key components: (1) an attack-aware adaptive weighting mechanism that dynamically balances defense priorities across multiple attack types, (2) a smoothness-regularized gradient penalty formulation that maintains differentiable gradients while encouraging locally smooth loss landscapes, and (3) a consistency loss component that enforces prediction stability between clean and adversarial inputs. Through extensive experimental validation across three diverse iris datasets, MMU1, CASIA-Iris-Africa, and UBIRIS.v2, and rigorous evaluation against strong adaptive attacks including AutoAttack, PGD-100 with random restarts, and transfer-based black-box attacks, ShieldNet demonstrated robust performance, achieving 87.3% adversarial accuracy under AutoAttack on MMU1, 85.1% on CASIA-Iris-Africa, and 82.4% on UBIRIS.v2, while maintaining competitive clean data accuracies of 94.7%, 93.9%, and 92.8%, respectively. The proposed framework outperforms existing state-of-the-art defense methods including TRADES, MART, and AWP, achieving an equal error rate (EER) as low as 2.8% and demonstrating consistent robustness across both gradient-based and gradient-free attack scenarios. Comprehensive ablation studies validate the complementary contributions of each defense component, while latent space analysis confirms that ShieldNet learns genuinely robust feature representations rather than relying on gradient obfuscation. These results establish ShieldNet as a practical and reliable solution for deployment in high-security biometric authentication environments.",title_abstract,,,
10.48550/arXiv.2311.16101,5,How Many Unicorns Are in This Image? A Safety Evaluation Benchmark for Vision LLMs,2023,"This work focuses on the potential of Vision LLMs (VLLMs) in visual reasoning. Different from prior studies, we shift our focus from evaluating standard performance to introducing a comprehensive safety evaluation suite, covering both out-of-distribution (OOD) generalization and adversarial robustness. For the OOD evaluation, we present two novel VQA datasets, each with one variant, designed to test model performance under challenging conditions. In exploring adversarial robustness, we propose a straightforward attack strategy for misleading VLLMs to produce visual-unrelated responses. Moreover, we assess the efficacy of two jailbreaking strategies, targeting either the vision or language component of VLLMs. Our evaluation of 21 diverse models, ranging from open-source VLLMs to GPT-4V, yields interesting observations: 1) Current VLLMs struggle with OOD texts but not images, unless the visual information is limited; and 2) These VLLMs can be easily misled by deceiving vision encoders only, and their vision-language training often compromise safety protocols. We release this safety evaluation suite at https://github.com/UCSC-VLAA/vllm-safety-benchmark.",title_abstract,,,
10.1145/3475724.3483607,5,Real World Robustness from Systematic Noise,2021,"Systematic error, which is not determined by chance, often refers to the inaccuracy (involving either the observation or measurement process) inherent to a system. In this paper, we exhibit some long-neglected but frequent-happening adversarial examples caused by systematic error. More specifically, we find the trained neural network classifier can be fooled by inconsistent implementations of image decoding and resize. This tiny difference between these implementations often causes an accuracy drop from training to deployment. To benchmark these real-world adversarial examples, we propose ImageNet-S dataset, which enables researchers to measure a classifier's robustness to systematic error. For example, we find a normal ResNet-50 trained on ImageNet can have 1%$\sim$5% accuracy difference due to the systematic error. Together our evaluation and dataset may aid future work toward real-world robustness and practical generalization.",title_abstract,,,
10.1109/QRS-C55045.2021.00012,7,ADVRET: An Adversarial Robustness Evaluating and Testing Platform for Deep Learning Models,2021,"Recent studies have shown that deep learning models such as image classification and object detection models are vulnerable to attacks from adversarial examples. These malicious examples may trigger potential security threats and cause damage in security-related fields. In this paper, in order to find model robustness weakness, we obtain the adversarial robustness metric against several adversarial attacks, including gradient-based attacks, optimization-based attacks, etc. The metric quantizes the adversarial robustness of deep learning models and can be used as a guide for extra model training. Meanwhile, we design a testing platform to achieve model adversarial robustness evaluation. Utilizing the front and back end separation strategy, the testing platform consist of 2 modules: one is multiple adversarial example attacks executor and the other is HCI module. In addition, the tool allows parallel comparison among different adversarial attack algorithms under given conditions and measures the quality of generated adversarial examples utilizing FID(Fréchet Inception Distance) metrics. Besides, we developed ERFGSM(edge-RFGSM), a new gradient-based attack using edge information through canny operator.",title_abstract,,,
10.1145/3508398.3511510,7,EG-Booster: Explanation-Guided Booster of ML Evasion Attacks,2021,"The widespread usage of machine learning (ML) in a myriad of domains has raised questions about its trustworthiness in high-stakes environments. Part of the quest for trustworthy ML is assessing robustness to test-time adversarial examples. Inline with the trustworthy ML goal, a useful input to potentially aid robustness evaluation is feature-based explanations of model predictions. In this paper, we present a novel approach, called EG-Booster, that leverages techniques from explainable ML to guide adversarial example crafting for improved robustness evaluation of ML models. The key insight in EG-Booster is the use of feature-based explanations of model predictions to guide adversarial example crafting by adding consequential perturbations (likely to result in model evasion) and avoiding non-consequential perturbations (unlikely to contribute to evasion). EG-Booster is agnostic to model architecture, threat model, and supports diverse distance metrics used in the literature. We evaluate EG-Booster using image classification benchmark datasets: MNIST and CIFAR10. Our findings suggest that EG-Booster significantly improves the evasion rate of state-of-the-art attacks while performing a smaller number of perturbations. Through extensive experiments that cover four white-box and three black-box attacks, we demonstrate the effectiveness of EG-Booster against two undefended neural networks trained on MNIST and CIFAR10, and an adversarially-trained ResNet model trained on CIFAR10. Furthermore, we introduce a stability assessment metric and evaluate the reliability of our explanation-based attack boosting approach by tracking the similarity between the model's predictions across multiple runs of EG-Booster. Our results over 10 separate runs suggest that EG-Booster's output is stable across distinct runs. Combined with state-of-the-art attacks, we hope EG-Booster will be used towards improved robustness assessment of ML models against evasion attacks.",title_abstract,,,
10.48550/arXiv.2506.19051,11,NIC-RobustBench: A Comprehensive Open-Source Toolkit for Neural Image Compression and Robustness Analysis,2025,"Neural image compression (NIC) is increasingly used in computer vision pipelines, as learning-based models are able to surpass traditional algorithms in compression efficiency. However, learned codecs can be unstable and vulnerable to adversarial attacks: small perturbations may cause severe reconstruction artifacts or indirectly break downstream models. Despite these risks, most NIC benchmarks only emphasize rate-distortion (RD) performance, focusing on model efficiency in safe, non-adversarial scenarios, while NIC robustness studies cover only specific codecs and attacks. To fill this gap, we introduce \textbf{NIC-RobustBench}, an open-source benchmark and evaluation framework for adversarial robustness of NIC methods. The benchmark integrates 8 attacks, 9 defense strategies, standard RD metrics, a large and extensible set of codecs, and tools for assessing both the robustness of the compression model and impact on downstream tasks. Using NIC-RobustBench, we provide a broad empirical study of modern NICs and defenses in adversarial scenarios, highlighting failure modes, least and most resilient architectures, and other insights into NIC robustness. Our code is available online at https://github.com/msu-video-group/NIC-RobustBench.",title_abstract,,,
10.1109/ACCESS.2025.3645997,5,Adversarial Robustness of Vision in Open Foundation Models,2025,"With the increase in deep learning, it becomes increasingly difficult to understand the model in which AI systems can identify objects. Thus, an adversary could aim to modify an image by adding unseen elements, which will confuse the AI in its recognition of an entity. This paper thus investigates the adversarial robustness of LLaVA-1.5-13B and Meta’s Llama 3.2 Vision-8B-2. These are tested for untargeted PGD (Projected Gradient Descent) against the visual input modality, and empirically evaluated on the Visual Question Answering (VQA) v2 dataset subset. The results of these adversarial attacks are then quantified using the standard VQA accuracy metric. This evaluation is then compared with the accuracy degradation (accuracy drop) of LLaVA and Llama 3.2 Vision. A key finding is that Llama 3.2 Vision, despite a lower baseline accuracy in this setup, exhibited a smaller drop in performance under attack compared to LLaVA, particularly at higher perturbation levels. Overall, the findings confirm that the vision modality represents a viable attack vector for degrading the performance of contemporary open-weight VLMs, including Meta’s Llama 3.2 Vision. Furthermore, they highlight that adversarial robustness does not necessarily correlate directly with standard benchmark performance and may be influenced by underlying architectural and training factors.",title_abstract,,,
10.1109/ICASSP55912.2026.11463484,5,DDSA: Dual-Domain Strategic Attack for Spatial-Temporal Efficiency in Adversarial Robustness Testing,2026,"Image transmission and processing systems in resource-critical applications face significant challenges from adversarial perturbations that compromise mission-specific object classification. Current robustness testing methods require excessive computational resources through exhaustive frame-by-frame processing and full-image perturbations, proving impractical for large-scale deployments where massive image streams demand immediate processing. This paper presents DDSA (Dual-Domain Strategic Attack), a resource-efficient adversarial robustness testing framework that optimizes testing through temporal selectivity and spatial precision. We introduce a scenario-aware trigger function that identifies critical frames requiring robustness evaluation based on class priority and model uncertainty, and employ explainable AI techniques to locate influential pixel regions for targeted perturbation. Our dual-domain approach achieves substantial temporal-spatial resource conservation while maintaining attack effectiveness. The framework enables practical deployment of comprehensive adversarial robustness testing in resource-constrained real-time applications where computational efficiency directly impacts mission success.",title_abstract,,,
"All you need to break LLMs are Black-Box, Adapting, Efficient, Transferable, Harmful, Applicable ... Attacks",6,"All you need to break LLMs are Black-Box, Adapting, Efficient, Transferable, Harmful, Applicable ... Attacks",2026,"Accurately evaluating adversarial robustness is a longstanding challenge. A flawed attack design can inflate robustness estimates, making deployment risk assessment and defense comparison unreliable. Historically, standardized attacks such as AutoAttack have largely resolved this for image classifiers, providing a reliable evaluation baseline for systematic comparison across defenses. However, no equivalent exists for LLM jailbreak evaluation yet, where designing such an attack is considerably more difficult. A reliable attack must, among other things, be black-box compatible, applicable to arbitrary defense pipelines, and efficient, which no existing method jointly satisfies. We introduce Indirect Harmfulness Optimization (IHO), a masked diffusion language model attacker trained via iterative preference optimization against a harmfulness judge, requiring only black-box access to the target. The same method can be used without modification as a strong adapting attack on individual behaviors, or as an efficient amortized policy that transfers to held-out behaviors and unseen target models without fine-tuning. Even against layered defenses, such as GLM 5.3-flash served through a black-box API deploying an auxiliary detector, IHO improves attack success considerably over state-of-the-art approaches, without any defense-specific adaptation. Our results position IHO as a practical step toward the kind of standardized jailbreak evaluation that has improved reliability in the past. Code and models are available on GitHub and Hugging Face.",title_abstract,,,
10.3390/app16188918,5,"Security Evaluation of Classical Machine Learning Models Under Poisoning, Evasion, and Model Extraction Attacks",2026,"Classical machine learning (ML) models, including Logistic Regression (LR), Support Vector Machines (SVM), Random Forests (RF), and XGBoost, remain widely used in practical applications because of their efficiency, interpretability, and relatively low computational costs. However, their security properties against different adversarial threats are often evaluated independently rather than within a unified comparative framework. This paper presents a unified empirical evaluation of Logistic Regression, Linear SVM, Random Forest, and XGBoost models across image (MNIST and CIFAR-10), text (AG News), and tabular (Adult, Spambase) classification domains. The models are evaluated under three adversarial scenarios: training-time poisoning, inference-time evasion, and black-box model extraction attacks. The empirical results reveal architecture- and attack-dependent security trade-offs. Random Forest demonstrated relatively greater resilience to random label noise in several configurations but remained vulnerable to targeted poisoning, particularly on AG News. In contrast, Logistic Regression and Linear SVM achieved high black-box extraction fidelity under some active-query configurations, reaching 96.08% and 94.02%, respectively, on MNIST with Q = 10,000. Their evasion results were comparatively interpretable under the evaluated attack procedures, although the observed performance depended on the perturbation budget and optimization configuration. In particular, the higher apparent accuracy of Linear SVM under PGD than under FGSM should be interpreted as a configuration-dependent observation rather than evidence of intrinsic robustness or confirmed gradient masking. Overall, the findings indicate that model robustness depends on the interaction between the attack strategy, data representation, and model architecture.",title_abstract,,,
10.3390/s25113386,7,Enhancing Robustness in UDC Image Restoration Through Adversarial Purification and Fine-Tuning,2025,"This study presents a novel defense framework to fortify Under-Display Camera (UDC) image restoration models against adversarial attacks, a previously underexplored vulnerability in this domain. Our research initially conducts an in-depth robustness evaluation of deep-learning-based UDC image restoration models by employing several white-box and black-box attacking methods. Following the assessment, we propose a two-stage approach integrating diffusion-based adversarial purification and efficient fine-tuning, uniquely designed to eliminate perturbations while retaining restoration fidelity. For the first time, we systematically evaluate seven state-of-the-art UDC models (such as DISCNet, UFormer, etc.) under diverse attacks (PGD, C&W, etc.), revealing severe performance degradation (DISCNet’s PSNR drops from 35.24 to 15.16 under C&W attack). Our framework demonstrates significant improvements: after purification and fine-tuning, DISCNet’s PSNR rebounds to 32.17 under PGD attack (vs. 30.17 without defense), while UFormer achieves a 19.71 PSNR under LPIPS-guided attacks (vs. 17.38 baseline). The effectiveness of our proposed approach is validated through extensive experiments, showing marked improvements in resilience against various adversarial attacks.",title_abstract,,,
10.1109/ICAIIC64266.2025.10920726,6,Image Features Reordering and Adjustment to Mitigate the Transferability Effect of Adversarial Attacks for Autonomous Driving Cars,2025,"In this paper, we introduce a novel adversarial detection framework designed to enhance the security and robustness of DNNs, with a particular focus on applications in autonomous driving systems. Our approach leverages segmentation masks and innovative techniques for image feature reordering and adjustment to detect adversarial attacks effectively. We compre-hensively evaluate the proposed framework under a white-box attack scenario, comparing its performance against the state-of-the-art Feature Squeezing method across eleven adversarial attack techniques and three heterogeneous benchmark datasets. The results demonstrate that our framework achieves detection rates exceeding 96% across all datasets, establishing its efficacy and robustness against diverse attack strategies.",title_abstract,,,
Adversarial Attacks on ML Defense Models Competition,8,Adversarial Attacks on ML Defense Models Competition,2021,"Due to the vulnerability of deep neural networks (DNNs) to adversarial examples, a large number of defense techniques have been proposed to alleviate this problem in recent years. However, the progress of building more robust models is usually hampered by the incomplete or incorrect robustness evaluation. To accelerate the research on reliable evaluation of adversarial robustness of the current defense models in image classification, the TSAIL group at Tsinghua University and the Alibaba Security group organized this competition along with a CVPR 2021 workshop on adversarial machine learning (https://aisecure-workshop.github.io/amlcvpr2021/). The purpose of this competition is to motivate novel attack algorithms to evaluate adversarial robustness more effectively and reliably. The participants were encouraged to develop stronger white-box attack algorithms to find the worst-case robustness of different defenses. This competition was conducted on an adversarial robustness evaluation platform -- ARES (https://github.com/thu-ml/ares), and is held on the TianChi platform (https://tianchi.aliyun.com/competition/entrance/531847/introduction) as one of the series of AI Security Challengers Program. After the competition, we summarized the results and established a new adversarial robustness benchmark at https://ml.cs.tsinghua.edu.cn/ares-bench/, which allows users to upload adversarial attack algorithms and defense models for evaluation.",title_abstract,,,
10.48550/arXiv.2605.06902,5,"Streaming Adversarial Robustness in Fuzzy ARTMAP: Mechanism-Aligned Evaluation, Progressive Training, and Interpretable Diagnostics",2026,"Adversarial robustness has been studied extensively for offline deep networks, but less is known about strict single-pass streaming neural learners. This paper studies adversarial robustness in Fuzzy ARTMAP, an Adaptive Resonance Theory architecture based on category competition, complement coding, match tracking, and replay-free prototype updates. We introduce WB-Softmax, a differentiable white-box attack surrogate aligned with ARTMAP's category-competition and map-field prediction mechanism, and formalize a streaming evaluation principle requiring robustness to be assessed on the final deployed model. Across four image benchmarks, WB-Softmax achieves 89-100% attack success on vanilla Fuzzy ARTMAP models. We show that defense rankings can reverse across protocols: offline adversarial training may appear strong under transfer attacks yet collapse under adaptive white-box evaluation, whereas progressive two-stage selective training provides the strongest overall replay-free robustness. We further show that ART's explicit category geometry enables interpretable diagnosis of separation collapse and match-score inversion. These results provide a mechanism-aligned, protocol-aware framework for adversarial robustness in streaming prototype-based learners.",title_abstract,,,
10.48550/arXiv.2407.06552,5,DLOVE: A new Security Evaluation Tool for Deep Learning Based Watermarking Techniques,2024,"Recent developments in Deep Neural Network (DNN) based watermarking techniques have shown remarkable performance. The state-of-the-art DNN-based techniques not only surpass the robustness of classical watermarking techniques but also show their robustness against many image manipulation techniques. In this paper, we performed a detailed security analysis of different DNN-based watermarking techniques. We propose a new class of attack called the Deep Learning-based OVErwriting (DLOVE) attack, which leverages adversarial machine learning and overwrites the original embedded watermark with a targeted watermark in a watermarked image. To the best of our knowledge, this attack is the first of its kind. We have considered scenarios where watermarks are used to devise and formulate an adversarial attack in white box and black box settings. To show adaptability and efficiency, we launch our DLOVE attack analysis on seven different watermarking techniques, HiDDeN, ReDMark, PIMoG, Stegastamp, Aparecium, Distortion Agostic Deep Watermarking and Hiding Images in an Image. All these techniques use different approaches to create imperceptible watermarked images. Our attack analysis on these watermarking techniques with various constraints highlights the vulnerabilities of DNN-based watermarking. Extensive experimental results validate the capabilities of DLOVE. We propose DLOVE as a benchmark security analysis tool to test the robustness of future deep learning-based watermarking techniques.",title_abstract,,,
10.18653/v1/2026.findings-acl.788,5,"Penny Wise, Pixel Foolish: Bypassing Price Constraints in Multimodal Agents via Visual Adversarial Perturbations",2026,"The rapid proliferation of Multimodal Large Language Models (MLLMs) has enabled mobile agents to execute high-stakes financial transactions, but their adversarial robustness remains underexplored. We identify Visual Dominance Hallucination (VDH), where imperceptible visual cues can override textual price evidence in screenshot-based, price-constrained settings and lead agents to irrational decisions. We propose PriceBlind, a stealthy white-box adversarial attack framework for controlled screenshot-based evaluation. PriceBlind exploits the modality gap in CLIP-based encoders via a Semantic-Decoupling Loss that aligns the image embedding with low-cost, value-associated anchors while preserving pixel-level fidelity. On E-ShopBench, PriceBlind achieves around 80% ASR in white-box evaluation; under a simplified single-turn coordinate-selection protocol, Ensemble-DI-FGSM transfers with roughly 35-41% ASR across GPT-4o, Gemini-1.5-Pro, and Claude-3.5-Sonnet. We also show that robust encoders and Verify-then-Act defenses reduce ASR substantially, though with some clean-accuracy trade-off.",title_abstract,,,
